ID;Stratum;Alderslut;Kon;Utbildning;Bransch1;Bransch2;QuantDem;EmoDem;RoleCon;Justice;Possibilities_for_development;Influence;Perceived org support;Social support from collegues;Role_Clarity;Turnouver
2;1;22;2;2;18;17;2,75;3;3,25;3;4;4,25;2,63;4;3,67;1,33
3;1;25;2;2;7;12;2,75;3,75;2,5;5,67;4,25;3;6,5;4,33;4;1,33
4;1;25;1;2;3;13;2,5;3,5;3;5,67;3,75;3;4,25;2,33;3,33;2,67
5;1;26;1;2;7;17;1,25;2,5;2;7;4,25;4;6,75;3,33;5;1,00
6;1;26;2;2;10;15;2,75;2,25;2;5;3,75;4;5,75;3,33;4,33;1,00
7;1;26;1;2;3;13;3,25;3,5;4,25;5,67;4;3,5;4,5;2,33;4,33;1,67
8;1;26;1;2;6;12;2,25;2,5;3;7;4,5;4;6,13;4,33;4,67;1,67
9;1;26;1;2;9;17;2;4,25;2,5;3,67;4,25;3,5;5;3;2;4,33
10;1;26;2;2;9;17;3,5;4;3,5;4,33;4;3,5;4,13;2,67;4,33;2,33
11;1;26;1;2;13;17;1;3,5;4,25;3,67;4;4,75;3,88;4,33;3,67;1,00
12;1;26;1;2;14;12;2,5;3,75;3,25;5,33;4,5;3,75;5,13;3,33;4,33;3,00
13;1;26;1;4;6;13;2,5;3;2,5;7;4,25;4;7;3,67;4;1,00
14;1;26;1;4;9;17;3;2,75;3,5;6,33;4,75;3,25;6;4;4;1,33
15;1;26;2;4;18;17;2,75;2,75;2;6,67;3,75;3,5;6,38;4;4,33;2,00
16;1;26;2;4;18;17;4;4;2,5;7;4,5;2,5;5,25;2,67;4,67;3,33
17;1;26;2;4;3;13;3,5;3,25;2,75;4;4;2,5;3,13;2,67;2;2,00
18;1;26;2;4;10;15;3;2,5;2,75;7;4,25;3,5;6,13;4;4,67;1,67
19;1;26;2;4;17;15;3;3,25;3,5;6;4;2,5;4,63;3;3,67;2,00
20;1;27;1;2;7;12;3,5;3;2,75;5,33;3,75;3,75;5,5;3,33;3,67;1,33
21;1;27;2;2;7;17;4;3;3,5;-999;4,5;2,25;-999;2,67;4,67;1,67
22;1;27;2;2;8;12;3,25;4,25;3,75;6;4,5;3,25;5,88;3,67;2,67;1,33
23;1;27;2;2;8;12;-999;3,5;3,5;2,67;3,5;2,5;4;3;2;3,00
24;1;27;1;2;3;13;3,25;3,25;1,75;7;5;4;6,88;3,67;3,67;1,00
25;1;27;1;2;3;12;2,5;2,75;3;6,33;4,5;4;4,63;2,67;4;1,00
26;1;27;1;2;7;17;2,75;4;2,25;5,33;5;5;6,5;3,33;5;1,67
27;1;27;2;2;7;17;4;3,5;3;7;4,25;3;5,88;3,67;3;2,67
28;1;27;2;2;9;17;2;2,5;2,75;7;3,75;3;6,63;4;3,33;1,00
29;1;27;1;2;9;17;3,75;4,25;3,75;6;5;3,25;6,13;3,33;2,33;3,67
30;1;27;1;3;9;17;4;3,5;3,75;3;3,5;3,25;2,38;2;3;2,67
31;1;27;1;3;14;15;2,25;3,5;2,75;7;3,5;4;5,5;2,67;4;1,33
32;1;27;1;3;6;13;3;3,25;3,5;6;4,25;2,25;4,75;3,33;3,33;2,67
33;1;27;2;4;14;17;2;3,25;2,25;4;3,5;2,75;3,38;3,67;4,33;2,67
34;1;27;1;4;10;11;2,25;4,25;2,75;7;5;4,25;6,5;4,67;4,33;1,00
35;1;27;1;4;14;12;4,25;2,75;3;5;4;2,25;4,25;3;2,67;2,00
36;1;27;2;4;7;17;3,25;3,75;3,5;3;3;3;2,25;3;3,67;3,67
37;1;27;2;4;15;15;2,75;2,5;3,25;5,33;4,25;4;5,25;3,67;3;1,67
38;1;27;2;4;17;15;2,75;4;3;5,33;5;3,5;4,63;3,67;4,67;1,33
39;1;27;1;4;13;11;4,5;4;3,5;3,33;4;4,25;4,13;2,67;2,67;2,67
40;1;28;2;2;17;15;2,75;3;2,75;6;4,5;4;6,38;4,33;2,67;1,67
41;1;28;1;2;7;12;3,5;3;3,25;6,33;3,25;3,25;5,38;3,67;4,33;2,67
42;1;28;2;2;7;17;2;3,75;2,5;4,67;3,25;2,5;4,13;3;4;1,33
43;1;28;1;2;8;13;3,5;3,25;3,25;4,67;3,75;3,5;3,75;3,67;3,33;3,67
44;1;28;2;2;9;17;4,75;5;2,5;5,67;5;3,5;4,13;2,67;3,33;3,00
45;1;28;1;2;10;15;3;3;3;7;3,75;2,75;5,88;3,67;4;2,00
46;1;28;2;2;11;16;4,25;4,75;3,5;3;4,5;3,33;2,63;2,67;2,67;1,33
47;1;28;1;2;14;11;4;4,25;3,5;7;3,75;4;5,63;2,67;4,33;3,00
48;1;28;2;2;18;12;3;3,25;2,5;5;3,75;2,25;5;2,67;3,33;4,33
49;1;28;1;2;19;12;2,5;-999;2,75;6;4;3,5;5,13;3,67;2,67;1,33
50;1;28;2;2;3;17;2,75;3,5;1,75;7;4,75;4,25;6,63;3,33;5;1,67
51;1;28;1;2;3;13;3,5;3,5;4;3,33;3,25;3;4,5;2,67;1,33;1,00
52;1;28;1;2;3;13;2;3,75;2,25;6;3,5;3,5;5,63;3,33;3,33;1,67
53;1;28;1;2;3;13;3;3,25;3;4,33;4;2,25;4,63;2,33;3,67;1,67
54;1;28;1;2;6;13;2,75;3,5;4;5,67;5;4,25;4,75;3,67;4,67;1,33
55;1;28;1;2;6;15;2,5;2,5;3,5;5;4;3,25;3,75;4,33;3;1,00
56;1;28;1;2;13;12;4;4;3,25;6;4,5;3,75;5,25;4,33;4;1,33
57;1;28;1;2;13;13;4;3;3,5;6,67;4;3,75;5,38;2,33;2;1,67
58;1;28;1;3;3;12;3,5;3,75;2,75;4,67;4,5;3,75;5;2,67;3,33;1,00
59;1;28;1;3;9;17;2;2,75;3,75;7;5;4,5;6,88;5;5;1,00
60;1;28;1;4;3;13;2,25;2,5;3,25;6;4,25;4,5;6,5;4,67;5;1,00
61;1;28;1;4;3;12;3;4;4;6,33;4,25;4,25;5,38;3,67;4;1,00
62;1;28;2;4;7;12;4,25;3,5;2,75;4;3,5;3,25;3,5;1,67;4;1,67
63;1;28;1;4;8;12;2,75;4;2,5;6;4,5;4,25;5,5;3;4,67;1,67
64;1;28;1;4;14;12;3;3,75;3,5;6;4,75;4,25;5;3,67;4,33;1,00
65;1;28;1;4;16;13;2,5;3,25;2,25;4;2,5;3;3,88;4,33;2,33;1,00
66;1;28;2;4;3;12;2,25;2,75;2,75;5;3,75;2,5;5,25;3;2,33;2,33
67;1;28;2;4;14;13;4;4,5;3,25;4;4;4,25;4,25;3;3,33;1,33
68;1;28;2;4;14;12;3;4,5;2,75;5,67;5;3,5;5;5;5;2,00
69;1;28;1;4;6;13;3,25;2,75;3,25;7;4,75;4;5,75;3,33;3,67;1,00
70;1;28;2;4;7;17;4,25;2,5;4;4,33;3,5;2,5;5,38;2;5;1,00
71;1;28;1;4;10;13;2,75;3;2,25;7;3,5;3,5;6,13;4;3,67;2,00
72;1;29;1;1;8;13;2,25;2,25;2,25;7;4,5;4,25;6,75;2,67;4,67;1,00
73;1;29;1;2;7;13;2;2;2,75;7;4;3,25;6,5;4;4;1,00
74;1;29;2;2;7;17;4,25;4,25;5;4;3,25;2,5;2,25;2,33;2,33;2,00
75;1;29;1;2;3;12;3;4;3,75;5,67;4,75;4,25;4,88;3;3;-999,00
76;1;29;1;2;7;12;3,25;4,25;1,75;6;5;4;4,75;4;4,33;1,00
77;1;29;1;2;7;17;2,25;2;4,25;4;3,5;4,25;3,5;3,67;2;1,00
78;1;29;2;2;8;15;3,5;3,75;3,5;3,33;3,75;3;2,63;2,67;3;3,33
79;1;29;1;2;3;17;3,5;3,25;3,25;7;4,5;4,25;5,88;4,67;4,33;1,00
80;1;29;2;2;3;17;2,75;2,25;1;6,33;5;4,25;6,63;3,67;5;1,00
81;1;29;1;2;5;12;4,5;3;3,75;5,67;5;3;5,14;2,5;3,67;1,33
82;1;29;1;2;6;13;3,5;3;3,75;7;5;3,5;7;4,33;4;1,33
83;1;29;1;2;6;13;4;3;3,75;6,33;4,5;4;6,63;3,67;4,67;1,00
84;1;29;2;2;8;15;2,5;3,25;2,75;5;4,5;3,25;4,75;4;3,33;2,00
85;1;29;2;2;9;17;3,25;3;2,75;6;4,75;3,75;4,63;4,33;5;1,00
86;1;29;2;2;9;17;2,5;3;2,5;2,67;5;3,75;5;4,67;5;1,00
87;1;29;2;2;14;12;1,75;3,75;2;7;4,75;4;7;4,67;4,67;1,00
88;1;29;1;2;14;12;3;2,75;2,25;6,67;4,5;4,25;5,38;2,67;4,33;1,67
89;1;29;1;2;16;12;2,75;2,25;3,75;7;5;3,75;7;3,67;4;1,33
90;1;29;2;2;18;12;4;3,5;2,75;5;4;3,25;4,5;4,67;4,33;1,00
91;1;29;1;3;1;13;4;3,5;3,25;7;4,5;4;6,75;5;3,67;1,00
92;1;29;1;3;7;17;4;3,25;2,75;6;3,5;3;5,25;3,33;3,67;1,67
93;1;29;1;3;7;17;3,25;2,75;3,75;3,67;3;3;3,25;2,67;4;1,67
94;1;29;1;3;9;17;3,5;4,5;3,25;7;4,25;3,5;4,25;2,33;4,33;1,33
95;1;29;2;3;9;17;2,5;4,25;3,25;7;3;4;6,5;4,67;4,67;1,00
96;1;29;1;3;10;12;3;3,5;3,75;5,67;4;4;4,38;4,33;4,67;1,00
97;1;29;2;3;10;12;3,75;4,5;3,75;3,33;3,25;2;3,38;1,33;3;3,00
98;1;29;2;3;11;16;4;4;3;6,67;4,75;3;5,75;4,67;5;2,00
99;1;29;1;3;14;12;4,25;3,75;3,75;6,67;4,5;4,5;6;2;2,67;1,67
100;1;29;2;3;17;15;2;4,75;2,75;7;4,5;3,5;5,88;4,67;4;2,00
101;1;29;1;4;1;13;2,5;4,25;2,25;5,33;4,75;3;5,13;4;4,33;1,67
102;1;29;1;4;6;13;1,75;2;2,75;5;3,25;3,25;4;3;3,33;1,00
103;1;29;2;4;16;12;3,25;3,5;3;3;3,75;3,25;3,63;2,67;2,67;1,33
104;1;29;2;4;17;15;1,5;2,25;1,75;7;4,5;5;7;5;5;1,00
105;1;29;2;4;3;12;2,5;3,25;3,5;7;5;4,75;6,38;4,33;4,33;1,00
106;1;29;1;4;6;13;3;3;2,25;5,67;4,5;4,25;5,13;4;4;1,67
107;1;29;1;4;6;13;3,75;3,5;4;4,33;4,75;5;6;5;4,67;1,00
108;1;29;1;4;6;13;2,25;2,75;2,5;7;4,75;3,75;7;3,33;4,33;1,00
109;1;29;2;4;14;13;3;3;2;7;4,25;3,75;6,75;5;3,67;1,33
110;1;29;2;4;10;12;-999;-999;-999;-999;-999;-999;-999;-999;-999;-999,00
111;1;29;2;4;7;12;3;4;4;7;4,75;3,25;6,38;4,67;4,67;1,00
112;1;29;2;4;7;15;3;2,25;1,5;7;4;3;6;3;5;1,00
113;1;29;2;4;9;17;3,75;3,5;3,25;4,67;3,75;3,25;4,5;3;3,33;1,67
114;1;29;1;4;11;12;3,75;3;4;5;4,5;4;4,13;4,33;3,33;3,00
115;1;29;1;4;16;14;2,25;2,75;3;6,67;4,5;4,5;6,75;3;4,67;1,00
116;1;29;2;4;7;12;2,5;3;2;6,33;4;4;4,5;2,33;4,33;1,00
117;1;29;1;4;7;12;2;1,75;2,25;7;4,75;4;5,88;2;4;1,00
118;1;29;2;4;9;17;2,5;4,25;3,5;6;5;3,75;6,88;3,33;4,33;1,00
119;1;29;2;4;10;12;3;3,75;3,25;6,67;5;4,25;6,25;3,5;4;1,00
120;1;29;2;4;11;12;3,25;3,5;3,5;6;4,75;3,75;5,88;4,33;4,67;2,33
121;1;29;2;4;13;12;2,75;2,75;3;5;3,75;3,25;5;3;2,67;2,00
122;1;29;2;4;14;12;3,75;3,25;3,5;5,67;3,75;3;5,75;3,67;2;2,00
123;1;29;1;4;14;13;4;4;3;4,67;3,5;3,75;4,88;3,67;5;2,00
124;1;29;2;4;17;15;3,25;3,75;4,25;3,33;3,5;3;3,25;3,67;3,33;2,67
125;1;29;2;4;17;15;3,25;3;2,75;7;4,25;3,75;6,88;3,67;4;1,33
126;1;29;2;4;18;17;2,75;2;3;5,67;4,25;3,25;5,13;3,33;4;1,00
127;1;29;2;4;6;13;3;2,75;3;6,67;4,25;3,25;5,38;3,33;4;1,33
128;1;29;2;4;15;15;5;5;4,5;4;4;2;1,75;1,67;1,67;4,67
129;1;29;2;4;17;15;3;3,25;2,75;6;4,75;3,25;4,38;4;4,67;1,00
130;1;29;1;4;17;15;2;3;2,75;7;4,25;4,25;6,88;4,33;4,33;1,00
131;1;29;2;4;17;12;3,25;3,75;3,75;5;3,75;3;4,5;3,67;4;1,00
132;1;29;1;4;7;12;3,75;2,5;3;6,67;3,75;2,75;6;3;3,33;1,00
133;1;29;1;4;11;11;3;4;2;7;5;3,75;6,88;4;4,67;1,00
134;1;29;2;4;9;11;3,5;5;3,75;6;4,75;4;6;1,67;3;1,33
135;1;29;1;4;3;12;3,5;4,75;4;5;-999;3,5;4,63;4;3;4,00
136;1;29;1;4;3;13;4;3,5;3,75;5;4;3,75;5,13;3,5;3,67;2,67
137;1;29;1;4;16;15;3;2,75;2,5;7;4,5;4,25;6,75;4;3;2,00
138;2;50;1;2;6;13;3,5;3;2,25;5,67;3,75;3;5,38;3,67;3,67;2,00
139;2;50;1;3;10;13;3,25;2,5;2,25;6;-246,5;3,5;5,75;3,67;4;1,00
140;2;50;2;4;10;13;3;2,75;2,75;6;3,5;3,5;4,63;3,67;3,67;1,00
141;2;50;2;4;19;15;3,5;4,25;3;6,33;4,75;3,25;6,75;4;4;1,33
142;2;49;2;4;13;11;4;3,75;3;5;4,5;3,25;4,5;3,67;5;3,33
143;2;49;1;5;10;13;2,25;1,75;2,25;6,67;4,5;3,5;6,25;4,67;4,33;1,00
144;2;49;1;4;14;12;3,5;3;3,25;2,33;3,75;4;2,5;3,67;2,33;4,33
145;2;48;1;2;7;13;3;3;2,75;5;4,25;3,75;4,5;2,67;4;1,00
146;2;48;1;2;3;11;2,25;2,5;2,25;6,33;2,75;4,25;6,29;3,33;3,67;1,00
147;2;48;2;4;13;13;-247;4;3,5;4;4,75;3,5;3,88;3,67;2,33;2,33
148;2;48;1;2;10;12;3,75;3,5;3,5;3,67;3,75;2,75;4;3,33;4;2,33
149;2;47;2;2;14;11;3,75;3,25;2,25;6;3,75;4,25;5,75;3,67;4,33;1,00
150;2;47;2;3;3;13;2,75;3;3,25;5,33;4,25;3,5;5,5;3,33;3,67;1,33
151;2;47;1;4;7;11;3,75;3;2,75;7;4,75;4,5;6;4;4,67;1,00
152;2;46;1;2;14;13;3,75;3,25;4,25;6,33;3,5;3;5;3,67;4;2,67
153;2;46;2;4;17;15;2,75;3,75;3;7;4,5;3,75;6,13;4,33;4,33;2,00
154;2;46;1;3;3;12;2;2;2;6;3,5;4;5,75;3;3;1,67
155;2;45;1;3;13;12;3,5;3;3;5;3,5;2,75;3,63;3;3,67;3,33
156;2;44;2;2;9;17;2,5;3;2,5;7;4,5;4,25;6,13;5;4,33;1,00
157;2;44;2;4;18;17;2,75;3,75;3;6;3,75;3;4,88;3;1,67;1,67
158;2;44;1;4;9;17;4;3;3,5;7;4,5;3,5;5,75;3,67;4;2,33
159;2;44;1;4;6;13;3,5;3,5;2,75;6,67;4,5;4;6,38;4;4,67;1,00
160;2;43;2;4;7;12;5;3,5;3,5;3,33;3,75;3,75;4,75;2,67;3;1,00
161;2;43;1;2;10;11;3,75;4;2,25;5,33;4;4;3,75;2;4;1,00
162;2;43;2;4;13;13;4;3,25;3;6,33;4,25;3,75;6,13;3,33;4,33;1,33
163;1;25;1;2;19;11;3,75;3,5;2,75;6;4,25;3;6,13;3,67;2,33;1,33
164;1;25;1;2;7;12;2,5;3;2,25;4;4,25;4,5;4,5;3,33;3,33;2,00
165;1;22;2;2;9;17;2,5;3;2,75;5;4,5;3,5;5,13;4,33;4;1,00
166;1;22;1;2;7;12;1,75;1,75;2,5;4;-999;4,5;5;3,33;3,67;1,00
167;2;64;1;2;13;13;2;3,5;3;6,67;4,5;4,25;6;3,33;4,33;1,00
168;2;64;2;4;11;11;4,5;3,75;-246,25;5,67;5;3,25;5,75;3;3,67;1,00
169;2;64;1;3;13;13;3,5;4,25;3,25;6;4;4,25;5,5;4,67;4,67;1,00
170;2;64;1;2;8;13;-247,75;2,25;2,5;7;4,5;3,25;6,13;4,33;4;2,67
171;2;63;1;2;3;12;2;2;2,5;7;3,75;4,25;5,88;3;4,67;1,00
172;2;63;1;4;3;11;2,25;3,25;2,5;6,33;4,5;4;5,13;3,33;4;1,33
173;2;62;1;3;4;13;3;3;3;7;5;3,75;7;4,67;5;1,00
174;2;61;1;4;3;11;3,5;2,75;2,5;6;4;4;5,88;2,67;4,33;1,33
175;2;61;1;2;13;11;2,75;3,75;2,5;6;4,25;4;5,88;3,67;4,67;1,67
176;2;61;1;4;19;13;2,75;3;2,5;6,67;4;3;5,13;2,33;4;1,00
177;2;60;1;1;3;13;2,5;3;2,25;5;3,5;4,5;6,13;2,67;4;1,33
178;2;59;1;4;3;12;3;2;2,75;7;3,75;3,25;5,88;3,67;3;1,00
179;2;58;1;2;14;12;2,75;3,5;3;6;4,5;3,75;5,25;3,67;4,67;2,00
180;2;58;1;2;11;16;3,75;3;3;4;4;3,75;3,63;3,33;3,33;3,00
181;1;29;2;4;17;15;3,25;-999;3,25;6,67;3,75;3,75;5,75;3,67;3,33;1,67
182;1;29;1;4;6;12;1,75;3,25;3,25;6;4;4,25;6,13;5;4,33;1,33
183;2;48;1;2;13;12;3,5;3,75;3;6;3,75;3,25;6,13;3,33;4;1,67
184;2;48;1;2;11;12;2,25;3,5;2,5;6;4,25;3,5;5;4,67;4;1,00
185;2;48;2;5;3;13;3;3,25;3,5;6,67;4,5;4;6,63;4,33;3,33;1,67
186;2;48;2;4;16;11;2,5;2,5;2,5;7;5;4;6,75;4;5;1,00
187;2;48;1;2;14;12;2,5;3,25;3,25;5;3,75;3,25;5;4,33;3,33;1,33
188;2;48;1;2;3;11;3,25;2,5;2,75;6;4,75;4;5,88;1,67;4,67;1,33
189;2;47;1;1;13;12;2,75;3;3,25;4,67;4,25;3,75;5;3;3,33;2,00
190;2;47;1;4;7;12;3,25;4;3,5;4;4;3,5;4,38;3;3,33;1,33
191;2;47;1;4;3;12;2,25;3;3,5;1;4,25;1,75;2;3;2,33;2,67
192;2;47;1;4;16;14;2,25;3,25;2,75;5;4;3,75;5,5;3;4,33;2,00
193;2;47;2;2;7;17;1,5;2,25;2;6;3,5;2,75;5,25;3;3;2,00
194;2;47;1;4;16;14;-999;-999;-999;5;-999;-999;4,88;-999;-999;2,67
195;2;46;1;2;5;12;3,25;3,25;3;6;3,75;2,75;5;3,67;3,67;1,67
196;2;46;2;2;9;17;4;3;2,25;6;3,75;3,25;5,25;3,33;4,67;3,67
197;2;36;2;2;9;17;3,75;2,5;2,25;6;2,5;3,25;4;3;3,33;2,33
198;2;36;2;4;17;15;2;3,5;2,25;6;3,75;3,5;6,13;3,67;4;1,00
199;2;45;1;4;3;12;3,25;2,75;3,75;4,33;4;3,25;4,5;3;4;2,33
200;2;45;1;4;6;13;3,5;3;3,75;5,67;4,25;3,75;4,88;3,67;3,67;1,00
201;2;45;1;4;13;13;3,25;3,25;3,5;4,33;3,75;3,25;4,25;2,67;3;2,67
202;2;45;1;4;3;13;3;3,75;2,5;6;3,5;4;4,88;2;3,67;1,67
203;2;44;1;4;5;12;1,5;1,75;2;6;4;2,5;4,75;4,33;3,67;1,00
204;2;44;2;4;10;15;2,75;2,25;2,5;7;4,5;3,25;5,5;3,67;4;2,00
205;2;44;2;3;13;13;3;3,5;3,25;6;4,25;3,5;6;3,67;4;2,00
206;2;42;1;2;7;13;2,75;2,25;3,25;6;3,5;4;4;3,67;3,33;1,33
207;2;42;2;4;17;15;4,25;3,25;3,5;4,33;4;2,5;3,63;2;3,33;1,00
208;2;42;1;4;3;13;4;3,25;3,25;3;3,25;3;3,88;2,67;2,67;2,33
209;2;40;1;2;3;13;3,5;3,75;2,75;1,33;3;3;3;2;2,33;3,00
210;2;40;1;4;1;13;3,25;3,75;2,75;7;4,5;3,75;5,75;3,67;4,67;1,00
211;2;39;1;4;6;13;3,25;2,75;2;6;-247;3,75;5;3,33;4;1,67
212;2;38;2;4;13;12;3;3,5;3,5;6,33;4;3;5,88;3,67;2,67;1,67
213;2;38;1;1;7;12;4,75;3;2,5;5;4;3,25;5,25;3;2,67;2,67
214;2;37;1;4;3;11;3,75;3,25;3,25;5,67;4;3;5,25;3;4;1,67
215;2;37;1;4;7;13;3,5;2,75;3;7;3,75;3,75;5,63;3,67;3,33;1,67
216;2;34;2;4;13;13;3,75;4;2,5;6,67;5;2,5;5,13;3,67;2,67;2,00
217;2;32;2;4;6;13;3,5;3,75;3,5;6,33;4,25;3,25;6,25;4;4;2,33
218;2;30;1;4;10;12;2,75;2;2,5;5;3,75;3,5;4,75;3,67;4;1,67
219;1;29;1;4;10;13;4,5;5;3,5;7;5;5;2,88;2;2,33;1,00
220;1;29;1;4;6;13;3,5;1,75;2,5;6;4,25;3,25;5,5;3,67;3,67;1,33
221;1;29;2;4;7;17;2;2,75;2,5;6;3,25;2,75;5,38;3,67;4;2,00
222;1;29;2;2;9;17;4;3,25;3,5;3;3;1,75;2,63;3,33;2,33;-999,00
223;1;29;1;4;14;12;3,5;3;3,25;6;3,75;3,25;3,63;2,33;2,33;2,00
224;1;29;2;2;19;17;3,25;-999;2,75;4,33;5;4,5;5,38;4,33;4;3,33
225;1;29;1;4;7;12;3;3,5;4;5;5;3,5;5,38;4,33;4,67;1,67
226;1;29;2;2;9;17;2,75;-999;-999;-999;-999;4;-999;3,67;-999;-999,00
227;1;29;1;4;6;13;2,25;3;3;6;4,5;3,75;5,75;3,67;4,33;2,00
228;2;42;2;3;9;17;4,25;4,25;3,25;4,67;4,25;2;3,88;3,67;3;3,33
229;2;42;2;4;13;13;4;3,5;3,75;7;4,75;3,5;6,5;3,67;4,33;1,67
230;2;41;2;4;11;16;4,5;3,25;3;5,67;3,25;3;4;3,33;3;2,00
231;2;41;1;2;6;11;4,5;4,5;4,5;7;5;3;6,13;3;5;1,00
232;2;40;2;4;12;12;3;3;2,75;6;5;3,5;5,5;3;4;1,00
233;2;40;1;4;8;12;4,25;3;3,75;4;3,5;2;3,13;4,33;2,67;2,33
234;2;40;2;4;3;12;2,5;3,25;3;5;3,5;3,25;5;3,33;3,67;1,00
235;2;40;2;4;3;13;3,75;3,25;2,5;6;4;2,75;4,63;3;3,67;1,67
236;1;29;2;3;14;12;2,25;4;2,75;7;4;2,67;5,63;5;3,67;2,00
237;1;29;1;2;6;13;2;2,5;3;5,33;4;3,75;4,13;4;3,33;2,00
238;1;29;2;4;17;15;3;5;4,25;4;3;2;3,13;2,67;3;2,00
239;1;29;1;2;6;13;2,75;2,25;3,5;5,67;4,25;3,25;5,38;3,33;3;1,33
240;1;29;1;2;9;12;2,25;3,5;2,25;4,67;-999;5;4;4;3,67;1,00
241;1;29;2;2;11;16;5;3,25;3,25;5,67;4,75;3,5;5;3,33;3,33;1,00
242;1;28;2;4;14;13;3,25;4,5;4,5;4,33;4;3,25;3,38;4,67;2,33;4,33
243;1;28;1;2;4;13;3,5;2,75;3;7;5;3,25;5,38;3,33;3;2,00
244;1;28;1;4;11;16;4;4,25;2,5;6;4,5;5;4,25;5;2,33;2,00
245;1;28;2;2;14;12;2,5;3;2,75;3,33;-999;3,75;3,63;3,33;4;1,67
246;1;28;1;2;10;12;4;2,5;3,5;6;4,75;3,5;6,13;3,33;4,67;1,33
247;1;28;2;4;3;13;3;3;2,5;6,67;4,25;2,75;5,88;3;4;1,00
248;1;28;2;4;11;12;3,5;4,25;2,75;4;4,25;2,5;3,88;3,33;3,33;3,00
249;1;28;2;2;7;12;3;4,75;5;7;5;4;7;4,67;4,67;1,67
250;1;28;2;2;8;13;4;3,5;2,5;4;3,5;3;3,13;2,67;2,33;1,00
251;1;28;2;4;17;15;2,25;4,25;2,25;6;2,75;3,75;5,5;3,67;3,67;2,00
252;1;28;1;2;8;13;2,75;4,5;3;6;3,5;4;5,88;4,33;3,33;1,67
253;1;27;2;4;7;13;2;3,5;2,25;7;4;3,25;5,88;2,33;3,33;2,67
254;1;27;2;4;9;17;4,5;3,25;2,75;5;3,75;3,25;4,25;3,33;3,33;2,33
255;1;27;1;2;9;17;2,25;3;-999;7;4,75;4;6,63;4,33;5;1,33
256;1;28;1;4;1;13;1,75;3,25;3,25;4;4,75;3,5;6;4;2,33;1,33
257;1;28;1;2;7;17;3,25;3,5;3,25;3;3,75;4;4,75;4;3;2,33
258;1;28;1;2;7;17;2;2,75;1,75;7;5;4,75;6;4,33;5;1,00
259;1;28;1;1;7;12;3,5;3,25;3;5,67;4,25;3,25;5,13;3,33;4;2,67
260;1;28;2;4;17;15;2,25;3,75;3,25;5,33;4;3,75;5,25;4,33;3,67;2,00
261;1;28;1;4;16;12;-999;2,5;2,75;7;4,75;5;6,25;5;4,33;1,67
262;1;28;1;4;6;13;3,75;3,5;3,25;5;4;3,75;5;3,33;3,33;1,67
263;1;27;1;3;14;17;2;3;3,75;4,67;3,5;4;3,43;4;3,67;1,33
264;1;27;2;4;9;17;2,25;3,75;4,25;4;2,75;2,75;3,75;3;3,33;3,67
265;1;27;2;4;3;12;3,25;2,25;2,75;5;4,75;2,5;4,13;3;4;1,00
266;1;27;2;4;6;12;3,75;2,75;2,25;6;4;2,5;6,63;3,33;4,33;1,00
267;1;27;1;4;13;12;4;3,25;3,5;7;4,25;3,25;5,63;2,67;3;2,00
268;1;27;1;2;9;17;3;4,25;3,25;3,67;3,75;4;3,38;2,33;4;3,33
269;2;56;2;2;13;12;3,5;3;2,25;4,67;3,75;3,25;4,25;2,67;2,33;1,00
270;2;56;1;2;1;12;3,5;2,5;3,25;5,33;3,25;2;4,75;2,67;2,67;2,00
271;2;55;1;4;3;12;2,75;2,5;3;6;4;3,5;4,5;3;3,33;1,00
272;2;55;1;2;7;17;2,5;3,25;2,75;7;3,75;3,5;7;3;4,33;1,00
273;2;55;2;4;7;12;3;3;3,25;6,67;4,25;2,75;6;3,67;4;2,67
274;2;55;1;2;6;13;3,75;4,75;2,25;6;4,75;3,5;4,88;3,33;5;3,33
275;2;54;1;3;3;13;3;2,5;3,25;6,67;4,5;3,5;5,75;3,33;4;1,33
276;2;53;1;2;3;13;2;2;3;4,67;2,75;2,5;3,25;4;2,33;3,67
277;2;52;1;3;3;12;2,5;2,75;2,5;5;4;3,25;5;3,33;3,33;1,67
278;2;52;1;4;13;13;3;3;2,75;4;3,5;2,25;4,38;4;2,67;2,33
279;2;52;1;4;11;16;2,75;4,25;3;7;5;4;6,63;3,67;5;1,33
280;2;52;2;4;3;13;4,25;3,5;2,75;6;3,5;2,5;5,25;2;3,67;1,33
281;2;50;1;2;11;16;2,25;3,25;2,5;6;4,75;3,25;5,63;3,33;4,33;1,67
282;2;50;1;4;3;12;3,5;3,5;2,75;5,67;5;3,25;5;3,67;4,33;1,33
283;2;50;1;3;3;13;4,25;3;3,25;6;4;3;4,63;3,33;3,33;2,67
284;2;50;1;4;3;13;3,25;3;3;4,33;4;2,75;4,75;3;3;2,33
285;2;49;2;2;7;12;4,25;4,25;1,5;5,33;2,75;2,25;5;2,67;4;5,00
286;2;49;1;4;3;12;4;3,25;4,25;6;3,75;2,75;4,5;2,67;3,67;1,67
287;2;49;1;2;8;13;2,5;3;3,25;7;4,25;3;6,38;5;4;1,00
288;2;49;1;2;11;16;3,75;3,5;2,75;6;4,75;3,75;5,75;4;4,67;3,33
289;2;48;1;4;6;13;2,5;2,5;2,75;6,67;4,25;4,25;5,63;4;5;1,00
290;2;48;1;3;3;13;2,75;2,25;3,25;5;4;3,5;4,75;3,67;3,33;1,33
291;2;47;2;2;9;12;2,5;2;2,25;5,67;3,75;3,75;6,25;3,67;3,67;1,00
292;2;47;2;4;10;13;4,5;2,5;3;7;4,5;3,25;6,75;4,33;3,33;1,00
293;2;47;2;4;10;13;4;3,5;2,5;5,67;4;3,5;5,13;3,33;4;2,00
294;2;47;1;2;7;12;3;3,25;3,25;5,67;3,75;3,5;5,13;1,33;4;2,00
295;2;47;1;4;10;12;2,25;3,75;2,75;6;4,25;4;5,88;4;3,67;1,33
296;2;47;2;4;13;13;4;3,75;3,25;6;4,75;3,5;5;3,33;4,33;2,33
297;2;47;1;4;7;13;2,75;3;3;6,67;4;3,75;5,75;3,67;4,33;1,00
298;2;47;1;4;3;13;2,25;3,25;1,75;7;4,5;2,75;6,38;4;4,67;1,33
299;2;47;1;2;10;13;2,75;2,75;3,25;6;4,25;4;6,75;4,67;4,67;1,67
300;2;46;2;4;11;16;4,25;3;2,25;5,67;4,75;3,75;5,5;3;3,67;1,00
301;2;46;2;4;19;11;3,25;3,5;3;5,67;3,75;3,75;5,63;3,67;4;1,00
302;2;46;2;4;14;12;3,75;2,75;3;7;4,25;3,5;5,75;3;4;1,00
303;2;46;1;4;13;13;4;3,25;2,75;6,33;5;4,75;4,38;3,67;4,33;1,00
304;2;46;1;4;7;12;2,75;3,75;3;6;-246,25;3,5;5,43;3,67;4;1,00
305;2;46;2;4;10;12;3,5;2,25;3,5;7;4,5;3,25;5,5;3,67;4;1,00
306;2;46;2;2;9;12;2,75;2,25;3,25;6,67;4,5;3;6,13;3,33;4;1,33
307;2;45;1;3;10;11;3,5;3,75;2,5;6;4,25;4;5,38;3,67;3,67;1,33
308;2;45;1;4;18;12;4;2,75;2,5;7;3,5;3,5;5,75;3;3;2,67
309;2;45;2;4;13;13;4;2,75;3,5;5;4;2,75;4,63;3;2,67;1,33
310;2;44;1;3;3;12;2,75;2,75;2,5;6;4,25;3,75;5,25;2,67;4;1,00
311;2;44;2;4;13;12;3;4,25;2,5;7;5;3,5;6,25;3,33;4,33;1,00
312;2;43;2;4;3;13;3,5;2,25;2,75;5;3;2,25;4,63;2;3,33;2,00
313;2;43;2;4;13;13;2,25;2,5;2,75;5,67;4;3,75;5,75;3,67;3,33;2,00
314;2;43;2;2;7;12;4;4,5;3;7;3;2,5;5,13;2,33;3,67;1,00
315;2;43;1;4;13;12;4,25;3,5;2,5;7;4,5;4,5;7;3,67;3,67;2,33
316;2;42;2;2;17;15;2;3;1,75;6;3,5;2,25;4,63;3,67;4;2,00
317;2;42;1;4;7;17;3;3;2,75;6;3,75;3,75;5,5;3;4;1,00
318;2;42;1;4;7;12;4;2;2,25;4,67;3,5;3,75;4,38;3;4;1,67
319;2;42;1;2;3;13;3,25;3;3,75;4,67;5;4;6,38;3,67;4;1,00
320;2;41;1;2;8;12;3,5;4,25;4,25;3;2,5;3,75;3,13;2,33;5;1,67
321;2;41;1;4;3;13;4,75;3,5;1,75;6;4,25;2,25;4,75;2,33;3,67;1,00
322;2;40;2;1;7;12;3,75;3,5;4;6,67;4;2,75;5,5;3;3,33;1,67
323;2;39;2;4;3;12;4,25;3,25;2,75;4;4,25;3,25;4;3,67;2,33;2,00
324;2;39;2;2;11;16;3,25;3,25;2,75;6;4;3;5,5;2,67;3,33;2,33
325;2;38;2;4;11;16;3;3,5;3,5;5,67;4,5;2,75;5;3;4;1,33
326;2;38;1;4;3;17;4;3;3;5,33;-247,5;2,67;5;3;3;3,33
327;2;37;2;4;7;12;2;1,25;1,75;5,67;3,5;3;5,75;3;3,67;1,00
328;2;37;1;2;14;17;2,25;2,25;1,75;7;4,75;3,75;6,75;4;4,67;1,00
329;2;37;1;4;6;13;4;3,5;3,5;3;4;3,25;3,25;1,67;3,67;2,33
330;2;35;1;2;8;13;3,5;3,25;2,5;7;4,5;3,5;5,75;2,67;4;1,33
331;2;33;1;2;6;13;-999;-999;-999;6;-999;-999;5,38;-999;-999;2,00
332;2;33;2;4;11;16;3,75;3,25;3,25;6;5;2,75;3,63;3;4,33;1,33
333;1;27;2;4;7;12;2,25;3,25;2,5;6;4,5;2,75;5,25;2,33;3,67;1,00
334;1;27;1;2;3;13;4;3,75;3;4;4,5;2,25;3,25;2,67;2,67;2,67
335;1;27;1;4;14;12;3,25;3,25;4,5;4,33;4,5;4,25;4,88;3,67;5;1,00
336;1;27;1;2;13;17;3,5;2,5;2,25;7;4,75;4,5;6,5;3,67;4,33;2,33
337;1;26;2;2;7;12;2,75;2,75;3;6;5;3;4,88;4;4;1,00
338;1;26;2;3;14;12;4;3,5;4,5;5;3;3,25;3,13;2,33;3;2,33
339;1;26;2;2;18;17;3,5;4;3,25;6;4,25;4;5,88;4,67;4,33;1,33
340;1;25;1;2;9;17;3;2,75;2,75;7;3,75;3,75;6;4;4;1,67
341;1;25;2;2;7;13;3,75;-999;3,75;6,67;3,75;3,25;5,75;4,67;3,67;1,67
342;1;25;2;4;13;12;3,75;4,5;3,5;5,33;4,5;3;4,5;3,33;3,33;1,00
343;1;25;1;2;14;11;2,5;2,5;2;7;4,25;5;6;3;3,67;1,00
344;1;24;2;2;7;17;4,25;3;3,5;7;4,75;4;5,5;4,33;4,33;2,00
345;2;65;2;4;17;15;3,25;4,25;4;3;-247,5;2,75;3,13;1,67;2;4,00
346;2;64;1;4;19;15;3,5;4,5;3,75;7;5;3,25;6,38;4;4;1,00
347;2;63;1;4;3;13;3,25;2,5;3;3,33;3,5;3,5;4,5;2,33;4;2,67
348;2;62;2;4;16;14;3,25;4,25;3,5;6,67;5;3,25;6,13;3,33;4,33;1,00
349;2;61;1;1;9;17;3;4,25;3,25;6;-246,5;4,5;5,5;4,67;4,67;2,67
350;2;61;1;2;6;11;3,75;3,25;3,25;6;3,75;3,5;5,75;3,67;4;2,33
351;2;59;2;4;15;12;1,75;3,25;1,75;7;5;3,25;6;4;5;1,00
352;2;59;2;4;7;12;2;2;1,75;7;2,5;3,5;6,63;2;5;1,00
353;2;59;1;2;7;17;4;3,25;2,75;5;3,75;3,25;3,88;1,33;3,67;3,67
354;2;59;1;3;6;13;2,25;2;2;6,33;4,25;2,75;6;3,67;5;1,00
355;2;58;1;4;3;13;3,5;3;3;6;3,5;3,25;4,75;3,67;3,33;2,67
356;2;58;1;3;11;16;2,75;2,75;2,75;6;4,25;3,75;5,38;3;4,67;1,33
357;2;58;1;2;14;13;3;2,75;3;1;4,5;4,25;5,88;4,33;4,67;1,67
358;2;58;1;2;13;13;2;3;2;6;3,5;3,25;5,13;3,33;4;1,67
359;2;55;2;4;13;11;2,75;3;3;5,33;5;3,75;5,86;3;4,67;1,33
360;2;55;2;2;11;16;2,5;3,75;3;4;4;3,25;3,75;3,33;4;1,00
361;2;55;1;4;13;12;4;3,75;3,5;3;4,25;2,75;2,88;2,33;3,33;1,00
362;2;55;2;2;10;15;4,75;3;3;6;4,25;2,5;5,63;2,33;3;2,67
363;2;55;1;3;8;11;3,75;4;3,75;5,33;4;4,5;4,75;2;4;1,00
364;2;55;1;3;7;12;4;3,25;3,25;6;4;3,75;5,63;4;4,67;1,00
365;2;54;1;2;7;12;3,25;4;2,75;5,33;4,25;3,5;4,13;3,67;5;1,00
366;1;29;1;2;8;13;2,75;3,25;4,25;4;4;2,75;4,38;2,67;3,33;1,67
367;1;29;1;2;17;12;4,5;4;3;1;3;2,5;4,75;2,67;4,33;1,00
368;1;28;2;4;12;13;4;3,75;3;6,33;4,5;3,75;5,5;2,67;3,33;1,33
369;1;28;1;3;6;13;5;5;3;7;5;4;7;3,67;5;3,00
370;1;28;1;4;6;13;2,75;2,5;2,25;7;4,25;3,33;5,63;3,33;3,67;1,00
371;1;28;1;4;7;12;1,25;1,25;1,75;7;5;3,75;6,88;5;4,67;1,00
372;1;28;2;4;10;12;2;2,5;1,25;7;4,5;4,25;6,38;3;3,33;1,00
373;1;28;1;2;6;13;2;2,5;1,75;7;5;4,75;6,88;4,33;5;1,00
374;1;28;1;3;14;13;4;3,25;3,25;4;3;2,5;4,25;1,67;3,67;1,00
375;1;28;2;4;3;12;2,5;3;2,5;5,67;4;3,25;5,13;3;3,67;1,67
376;1;28;2;4;18;17;3,5;3;3;4,33;4;2,5;2,38;3,33;4;2,00
377;1;28;2;4;3;13;3,75;4,75;3,25;4,33;4;2,5;3;2;4;3,67
378;1;28;2;2;9;17;3,75;2,75;3,25;5;4,25;4,25;3,5;3;5;2,00
379;1;28;2;2;10;12;3;4,75;2,75;4,67;4,75;2,75;5,5;2,67;4,67;2,00
380;1;28;2;4;7;17;4;3,25;3,25;6;4,5;3,5;5,5;3,67;4;1,00
381;1;27;1;2;14;15;3;3;2,75;2;4,75;3,25;1,38;2,33;4,67;1,00
382;1;27;1;2;14;17;4,75;4,75;4,25;7;5;4,25;6,13;1,67;3,67;1,67
383;1;27;2;4;7;12;3,5;3,5;3;6;4,25;3,5;4,88;3,33;3,67;1,00
384;2;31;1;4;10;12;-999;-999;3,25;3,67;5;-999;4,63;-999;2,67;1,00
385;2;31;2;4;3;13;3,75;3,25;4;5;4;3;4,13;4;3,67;2,00
386;2;30;2;4;10;13;3,5;3,5;3,5;4,33;3,75;3,5;4,25;3,67;2,67;2,67
387;2;30;2;2;7;12;3;3,5;3,25;7;2,5;4,75;5,25;4;3;1,00
388;1;29;1;2;13;13;3,5;2,75;2,75;6;4,5;3,25;4,5;2,67;3;1,67
389;1;25;1;2;14;12;2,5;3,25;1,5;5;5;3,75;6;4;4;1,67
390;1;25;2;2;14;12;2,5;3,75;2,75;5;4,5;3;5,25;4,33;4;1,00
391;1;25;2;2;9;17;2,25;4,5;3,75;5;4,75;4,25;3,75;4,33;4;1,00
392;1;24;2;2;9;17;4,25;3,5;4;3,33;4,5;2,75;2,13;2,33;3,33;2,67
393;1;23;2;2;7;17;2,5;3,25;1,5;7;4;3,25;6;3,67;5;3,67
394;1;23;2;2;9;17;3,25;3,5;2,75;4;4,25;2,5;3,75;3;2,67;1,33
395;2;63;1;2;8;12;3;3,5;3,5;4;3,75;3,75;4,25;3,67;4;2,33
396;2;63;1;2;8;13;2,75;2,5;3;6;4,25;4,75;5,13;3;4,33;1,00
397;2;62;2;2;7;17;3,75;3,5;1,75;5;4,25;3,75;6,13;3,33;5;1,00
398;2;62;2;4;3;11;2;2;2;7;4;3,75;6,63;3,67;3,67;1,00
399;2;61;2;4;3;12;3,5;4;2;7;5;3,5;6,5;4,67;4,33;1,33
400;2;60;1;3;3;13;3,25;1,75;2,75;6,33;4,25;3,5;5,88;4,33;4,33;1,67
401;2;59;2;3;9;12;2;3,25;2;6,33;4;3,25;5,38;3;4;1,00
402;2;59;1;4;10;13;2;3;2,25;6;4,5;3,75;6;3,67;4;1,33
403;2;59;1;2;3;12;2,5;2,25;2,25;6;4,5;4;6;4,67;4,33;1,00
404;2;59;1;3;3;13;3,25;3,75;2,5;2,67;3,5;3,5;3,88;4;2,33;2,33
405;2;59;1;2;7;12;4,25;4;3;4;4;3,5;3,75;3;3,33;2,33
406;2;59;1;4;16;12;2,5;3;3;5,33;3,75;4,25;5,25;3,67;4;1,00
407;2;58;1;1;6;13;4;3,5;3;5;4,25;2,25;4,75;2,67;3,33;2,00
408;2;58;1;5;11;16;3,25;3,75;2,25;6,67;5;3,5;6,13;3,33;4,67;1,67
409;2;58;1;1;7;12;3,75;3,25;2,25;5,33;3,5;3;4,13;3;4;2,67
410;2;58;2;2;3;13;2,5;3;3;5,67;4,75;4;5,25;3,67;5;2,00
411;2;57;1;2;13;13;3,75;3,75;4;5;3,5;2;3,63;2,33;4;5,00
412;2;57;1;2;7;12;2;2;2,25;5,33;3,5;4,25;5,25;3,67;4,67;2,00
413;2;56;1;4;3;13;3,5;3,5;3;4;3,25;2,5;3,75;3;3;3,00
414;2;56;1;4;13;13;2,25;2,75;3;6;4,75;4;5,63;3,67;4,33;2,00
415;2;56;2;4;16;12;3;2,5;2,5;6,67;4;3,5;5,25;4,33;4;1,00
416;2;56;1;4;13;13;2,75;2,5;2,75;7;4;3,75;5,13;3,33;3,67;1,33
417;2;55;1;3;7;13;2,5;1,5;2;6,33;4,25;3,5;5,75;4,33;5;1,00
418;2;55;1;4;3;12;3,75;2,75;2,75;7;5;4;5,88;4,67;4;1,00
419;2;55;1;2;3;13;3;2,5;3;4,67;4;3,75;4,5;3,33;2,67;2,33
420;2;54;2;4;7;13;4,5;2,25;1,75;7;4,75;3,75;5,75;2,67;4;2,33
421;2;54;1;3;10;13;3;3;2,75;3,67;5;2,75;4,38;3,67;5;2,00
422;2;54;1;4;3;11;3,5;3,25;3,25;5;3,5;3,25;4,25;3;3;2,67
423;2;54;1;4;10;13;4;3;3,25;3;2,75;3;3,63;4;4;2,00
424;2;53;1;2;7;12;2,5;2,75;2,5;5,33;3,5;4;4,88;3,67;3,67;2,00
425;2;53;2;2;9;17;1,75;3,25;3,75;7;4,25;4,5;5,5;3;5;1,00
426;2;53;1;2;3;13;2;2,75;2,25;6;4;4;6,25;3,67;3,67;1,00
427;2;53;1;4;10;11;2,5;2,5;2;6;4;4;6,13;4,33;4,33;1,00
428;2;52;1;2;6;13;2,5;3;2;7;4,75;4,25;5,5;3,67;4;1,67
429;2;52;2;3;7;12;3,5;4;4,5;4;3,5;3,5;3,25;2,67;3,33;4,00
430;2;52;2;4;13;13;4,5;3,25;3;4,33;4,25;3,33;4,5;3;3,67;2,67
431;2;52;1;5;3;11;2,75;3;3,25;7;4,5;4,25;5,8;4;5;1,00
432;2;52;1;2;6;13;3;3;2,25;5;3,5;3;5,63;3;3,33;1,67
433;2;52;1;2;3;13;4,25;3,25;3,5;6;4,25;2,75;5,5;3,67;2,33;2,67
434;2;52;1;4;3;11;2,25;3,75;3,25;-329;5;4,75;5,88;3,67;4,33;1,00
435;2;52;1;-999;7;12;2,25;2,5;2,25;6;4,5;3,5;4,75;4,33;5;1,33
436;2;52;2;5;13;13;3,25;3;3,25;6;4,75;3,25;5,5;4;4;1,33
437;2;52;2;2;7;12;2,25;2,5;2;7;4;3,75;6,38;5;4,33;1,00
438;2;52;1;2;3;12;1;1,25;1,75;5,67;4,5;4;5,88;4;4,67;2,00
439;2;52;1;2;7;17;1,5;2,25;3;6;4,75;5;6;4,67;4,67;1,00
440;2;51;1;3;6;13;3;3,5;3;7;4,5;4,25;5,38;3,33;3,33;1,33
441;2;51;1;2;3;11;3,75;3,75;3;5,33;5;4;6,38;3;4,67;1,67
442;2;51;1;3;7;13;2,75;3,25;3,25;6,67;5;3,75;6,75;4,67;4,33;1,00
443;2;51;2;4;3;13;4,75;3;3,5;-332;3,75;2,75;3;2,67;3,67;2,67
444;2;51;2;4;3;11;3,75;2,5;2,75;7;5;3,5;5,63;2,33;4;1,00
445;2;50;1;4;13;12;2;2,5;2;6,67;4,75;3,75;6,38;3,33;4;1,00
446;2;50;1;5;19;15;3,75;4;3;6,67;5;3,5;5,5;4,67;3,67;1,67
447;2;49;1;2;17;15;5;4,25;4,75;2,33;3,25;3;2,75;3,33;3;4,33
448;2;49;1;4;3;12;3,75;3;3,5;5,33;4,25;3,75;4,75;3;2,33;1,33
449;2;49;1;3;5;13;3;2,5;2,5;7;3,75;4;6,75;4,67;3,67;1,33
450;2;49;2;2;3;12;5;4;4;6;4,25;3,25;4,63;2,67;3,67;1,67
451;2;49;2;4;16;14;4;5;3;7;4,5;3,5;5,25;4,67;4,33;1,67
452;2;49;1;2;7;17;3,5;3;2;6,33;4,25;3,25;5,75;4;4;1,33
453;2;48;1;2;13;17;3,25;2,75;3,25;5,67;4;3,75;4,63;3;4,33;1,33
454;2;48;1;4;11;13;2,75;3;1,75;5,33;4,75;4;5,88;3,67;3,67;1,00
455;1;28;1;4;3;13;4,5;3,75;4,25;5,67;4,75;4;5,38;1,67;3;1,00
456;1;28;2;2;9;17;2,75;3;3,5;5,67;3,25;2,75;4,88;2,33;3;2,67
457;1;28;2;4;17;12;3,25;3,25;3;3,67;3,5;3,25;5,63;4;3,67;1,67
458;1;28;2;2;7;12;3,25;3;3;4;4,5;2,25;3,86;4;4,67;2,67
459;1;28;1;4;8;13;2;2;1,5;6,33;4,5;3,75;6,38;5;4,33;1,00
460;1;28;2;4;7;17;3,25;2,75;2,75;4,33;4;2,75;3,75;3;3,67;2,00
461;1;28;2;4;10;15;5;4,5;4,25;4,33;4;2,25;3;3;3;3,00
462;1;28;2;2;7;12;3;3,25;2,25;7;4,25;4;6,13;4,67;4,67;1,00
463;1;28;2;2;7;12;4;4;3,75;3,33;3,75;2,75;2,38;3;3,33;1,67
464;1;28;1;2;10;11;4;4,5;4,25;7;5;3,75;5,13;3;4;2,00
465;1;28;2;2;17;15;4;3,5;3,75;3,33;3,25;3,25;3;3;2,67;3,00
466;1;28;1;2;6;13;3,5;3;2,75;7;4,75;4,25;7;3,33;4;2,00
467;1;28;2;4;14;12;3,5;3;3;6,67;4,25;2,75;5,38;4;3;1,33
468;1;28;1;4;13;12;4;4;3;6,33;5;4,75;5,75;4;4,33;2,00
469;1;28;1;2;6;12;2,25;2,75;2,75;6,33;5;3,5;6;4,33;3,33;1,33
470;1;27;2;2;7;17;3;3,5;2,75;7;5;3,75;6,88;4;4,67;1,00
471;1;27;1;2;7;17;2,25;4;2,5;5,67;4,75;4;6,5;4,33;3,67;2,00
472;1;27;2;4;8;15;4;3,25;2,75;7;4,25;3,25;6,25;3;3,67;3,67
473;1;27;1;3;3;13;3,5;3;2,75;6;4;3,25;5,63;3,33;4;2,33
474;1;27;1;4;14;12;3;2,25;1,75;6;3,75;3,5;6;4;4,33;1,00
475;1;27;2;2;9;17;3,75;2,75;2,25;6,33;3,5;2,25;5,75;3;3,67;2,00
476;1;27;1;4;14;12;3,75;3;3,5;6;3,75;3,25;4,75;3;2,67;1,67
477;1;27;1;2;3;13;3;3,5;3,75;7;4,5;3,75;6,75;2,67;3;2,67
478;1;27;2;2;9;17;3,25;3,25;2,75;3;3,25;4,25;3,25;2,33;4;3,00
479;1;26;1;4;7;13;1,75;1,75;3;6;4,75;4;5,63;4;4,33;1,00
480;1;26;1;4;7;12;2,75;2,25;3;5,67;3,75;2,5;4,75;2,67;3;1,33
481;1;26;2;3;6;13;3,5;4;3,75;5,67;4;3;4,71;3;2,33;3,67
482;1;26;2;4;17;15;2,25;2,75;2,75;6;4,5;3,25;4,75;3;4,33;2,00
483;1;26;1;2;3;12;3,5;3;3,75;5;4,25;3,5;4,88;3,33;4;3,00
484;1;26;2;2;9;17;4;3,75;2,75;3,67;3,75;3,75;3,63;3,33;3,67;3,00
485;1;26;1;2;9;17;3;3,75;3;4,33;4,25;3,25;4,13;3,67;3,33;2,67
486;1;25;2;3;9;13;4,5;4,75;4,25;1,33;4,5;2,75;3,88;5;1,67;2,67
487;1;24;2;3;19;12;3,75;4,25;3,25;6,67;4,75;4;6,38;4,33;3,33;1,67
488;1;24;1;2;9;17;3,25;3,25;3,5;3;3,75;3;3;3,33;3;2,33
489;1;24;1;3;18;17;2,75;4;3,75;3;4,25;2,75;4,38;3,67;4;1,67
490;1;22;1;2;9;17;2,75;3,75;2,25;6;4,25;3,5;6;3,33;4;2,67
491;1;22;1;2;9;17;4;3,75;4;3;3,75;2,25;2,63;2,33;4;3,67
492;2;65;1;1;6;15;3,5;2,75;3,5;6;3,75;3,5;4,86;3,33;4,33;1,67
493;2;65;1;4;13;13;4,25;3,5;3,25;2,33;3,25;3,25;2,75;3;3,33;1,67
494;2;64;2;4;7;17;4,25;3,25;3;3,33;3,25;1,75;3,38;2,33;3,67;3,67
495;2;64;1;2;6;12;4;2,25;2,5;5,67;4,5;3;4,25;2,33;4;2,67
496;2;64;1;2;8;12;3;2,75;2,5;4,33;4,25;3,75;4,75;2,67;3,33;1,00
497;2;53;1;2;7;13;3,25;2;3,25;6,33;4,25;3,75;5,88;2,67;4;1,33
498;2;53;1;4;3;12;3;2,25;2,5;5,33;4,25;3,5;5,13;3,67;3;1,00
499;2;53;2;4;11;13;3,5;3;3;4,33;4;2,75;3,75;3;3;3,00
500;2;52;1;2;7;11;3;2,5;2,75;6;3,75;4;7;4,67;4,67;1,00
501;2;52;1;2;14;12;3;3,5;3,5;6;4,25;3,25;4,13;2,67;4,33;2,00
502;2;52;2;2;3;13;4;3,5;3;4;3,75;3;4;4,33;3,67;3,00
503;2;52;1;4;3;13;2,25;3,5;2,75;7;4,25;3,75;6,5;3,33;4,67;2,33
504;2;52;1;2;7;12;3;4;3,75;6;4,5;3,5;4,25;3;4,67;1,00
505;2;51;1;2;3;13;3,25;3;2,75;5;3,5;2,5;4,63;3;3;1,00
506;2;51;2;2;16;14;4,25;4,25;3;4,33;4,5;3,75;3,88;2,67;4,67;2,00
507;2;37;1;2;7;17;3,5;3,25;3,75;6,33;-246,25;3,25;5,88;3,67;3,33;2,33
508;2;35;1;4;10;12;3,5;2,25;2;3,33;3;3,5;4,13;2;2;1,00
509;2;35;1;4;3;13;4;2,5;3;4,33;-246,25;3,25;4,88;4;3,67;1,33
510;2;35;1;4;14;13;3,25;2,75;3,75;5,33;3,5;3,75;5,25;3,67;4,33;1,00
511;2;35;1;3;8;13;2,5;3,5;3,75;5,33;4;4,25;4;2,33;3,67;3,00
512;2;32;2;4;11;16;3,75;3,5;2,5;7;5;4;5,63;2,67;4,33;1,33
513;2;31;1;2;9;17;4,5;2,5;2,25;7;4;3,5;6,25;3;3;1,00
514;2;31;1;4;6;13;4,25;2;4;4,67;4,25;2,75;4,25;2,33;3,67;2,00
515;2;30;2;4;10;15;3,75;2,75;2,75;4;3,75;3;4,5;3;3;2,67
516;2;48;1;4;3;11;3,75;4;3,5;3,67;3,75;3,5;3,88;2,67;3,33;2,67
517;2;48;2;4;7;17;3,5;3;3,75;6;3,75;1,75;5,5;3;3,67;1,67
518;2;47;1;2;3;12;3,75;3;3,25;5,33;3,75;3,25;4,63;3;3;2,67
519;2;47;2;4;7;17;5;5;3,75;4,67;3;2,25;3,63;3,33;3,33;2,33
520;2;47;1;2;11;16;2,75;3,75;3,25;5,67;3,75;4;5;3,33;4;2,00
521;2;47;1;4;6;13;3,5;2,75;3;6;4,5;3,25;4,63;2,33;3,67;2,67
522;2;47;2;4;5;13;2,5;2,75;2,75;6;4;3,5;6;4;3,67;1,00
523;2;47;1;4;3;13;3,75;2,75;1,75;6;4;3,5;5,5;3;4;1,67
524;2;47;1;3;10;13;3,5;3;3,25;6;4,75;4;5,25;3,67;3,67;1,00
525;2;47;1;3;10;11;3;2,75;3,25;6;4;4;5,75;4;3,67;1,33
526;2;47;1;5;3;13;4,25;3;2,75;6;4,5;3,25;5,5;3,33;4,33;1,33
527;2;46;1;2;7;12;3;1,75;2,25;6,67;3,75;3;4,88;4;5;2,33
528;2;46;1;2;6;13;3,75;3;3,5;5,67;4,75;4,75;5,63;5;5;1,00
529;2;45;1;4;3;13;3,25;2,5;3,5;5;-246,5;3,25;5;3,67;3;2,00
530;2;45;2;4;14;12;3;4;3,5;5,33;3,75;2,75;4,75;4;3,67;-999,00
531;2;44;1;2;3;12;2,5;2,75;2,25;2,67;3,75;3,5;4,13;3,67;4;2,67
532;2;44;1;4;13;13;4,25;3,75;4;7;5;4,5;5,75;3;3,67;2,00
533;1;29;2;4;17;15;4;4;3,25;1;4;3;2,38;2,67;3;4,33
534;1;29;2;2;7;12;3,25;2,75;3,25;5,67;3,5;2,75;4,75;2,67;3,67;1,33
535;1;29;1;4;3;12;2,75;3;2,75;6;4;3,25;6,25;3,67;4;2,33
536;1;29;2;4;14;13;4;3;2,75;7;3,75;3,75;5,88;4;4;1,33
537;1;29;1;2;13;17;3,5;1,5;2,75;6;4,5;3,25;5,25;4;5;1,00
538;1;29;2;4;6;13;3,75;2,5;3;7;3,5;2,75;5,88;3;2,67;3,00
539;1;29;1;1;10;12;2,25;4;3,25;6;4,75;3,75;4,75;2;4,33;2,00
540;1;29;1;4;7;12;2,75;2;2,75;5;3;3,75;4,13;2,33;3;1,67
541;1;29;2;4;7;12;4,5;2,75;2,75;4;3,75;2,75;4;2;3,33;2,33
542;1;29;2;2;9;17;2,25;2,25;2,75;5,67;3;3;3,88;3,67;4;1,00
543;1;29;1;4;18;17;4;3,5;3,75;3,67;3,75;3;3,38;3;2,67;1,67
544;1;28;1;4;10;12;3,75;2,75;3;7;4,5;3,75;5,5;3,33;3,67;1,33
545;1;28;1;4;7;12;4;3;3,5;4;3;3,25;4;2;1;1,33
546;1;26;1;2;7;17;5;4;2,75;5;5;3,75;5,38;4,67;5;1,67
547;1;26;1;2;13;11;2,25;2,25;2,75;6;5;4;4,88;3;4;1,00
548;1;25;2;2;14;17;1,25;2,25;2;7;5;3,75;6,88;3,67;5;1,33
549;1;25;1;2;3;13;2,5;2,5;2,25;6;4,75;4,5;6,5;3;5;1,00
550;1;25;2;2;8;15;3,75;2,75;3,75;6,67;3,75;2,75;6,5;5;3,67;2,67
551;2;65;1;2;6;11;1,5;3,25;3;3,67;4;4,5;4;3,33;4;1,00
552;2;65;1;5;7;17;3,75;3,25;3,25;4;3,5;2;3,5;2,67;2,67;2,33
553;2;64;1;4;3;12;4,25;3,25;1,75;7;4,5;4,25;6,88;4,33;4,67;1,00
554;2;64;1;3;6;13;3;2,25;2,25;6;4,5;3,75;6,13;3,67;4;1,00
555;2;62;1;4;16;14;4,25;3,5;3,5;4,67;3,25;2;4,13;2,33;4,33;2,33
556;2;62;1;2;10;12;3,75;3,25;3,75;3,33;4,25;3,25;3;3;3;3,33
557;2;61;1;4;7;12;4,25;2,75;1,5;6,67;3,75;4;4,63;3,67;4,33;1,00
558;2;61;1;3;3;13;2,75;3,25;3;4,33;3,25;2,5;3,63;3;3,33;2,67
559;2;60;1;2;3;13;2,75;2,5;3,25;7;3,5;2,25;6,75;3;4,33;2,00
560;2;58;1;4;3;12;3,25;2,25;2,75;6;3,75;4,75;6,17;4;4;1,00
561;2;57;1;4;3;13;3;3;2,75;6;4;4,5;5,75;4,67;4,33;2,00
562;2;57;1;2;11;11;2,25;3;2,25;6;4,75;5;5,5;4,33;5;2,00
563;2;56;2;2;8;12;2,75;3,5;2,5;7;4,5;2,75;5,63;3,67;4;1,00
564;2;56;2;4;17;15;2,75;2,75;2,5;5;3,5;3,25;5;3;4;2,00
565;2;56;1;2;3;12;3;2,75;2,25;5,67;4,25;3,25;4,63;3,33;4;1,00
566;2;55;1;3;6;13;4;2;2,75;6,33;4,25;3,25;4,88;4;4;1,33
567;2;55;1;2;13;11;2,25;2,5;2,5;5,33;4;3,25;5;3,33;3,33;1,00
568;2;54;2;1;6;12;3,25;3,75;3;4,33;4;2,5;4,13;2;3;2,67
569;2;54;1;2;6;13;2;3,5;2,75;5;3,75;3,75;6,5;4;4,33;1,33
570;2;54;2;4;17;15;3;4;2,75;1,33;3,5;3;5,88;3,33;3,67;2,00
571;1;29;2;4;7;13;3,5;3;2,75;5;4;3,5;4,25;3,33;4;2,33
572;1;29;2;4;7;17;3,25;3;2,25;5;3,75;3;4,75;4,33;4;2,00
573;1;29;2;2;7;17;3,5;3,75;2,75;3;3;3;3,25;3,67;2,67;2,67
574;1;29;1;4;17;12;4;3,25;2,25;4,67;-999;4;5,5;4;2,33;2,00
575;1;29;1;3;6;13;4,25;4;2,75;6;4,75;3,75;4,13;2,67;3,67;3,00
576;1;29;2;3;9;17;3,5;3;3,75;5,33;4,25;3;4,5;3;4;1,67
577;1;29;2;2;14;12;1,5;2,75;2,25;7;4,5;4;6,88;4,33;5;1,67
578;1;28;2;4;10;12;4;3,25;2;7;5;3;4,75;3,67;4,67;1,67
579;1;28;2;2;6;13;4;3;3,5;7;4,75;2,75;5,5;3,67;4,33;1,00
580;1;28;2;4;19;12;3;4;3,25;6,67;4,75;3;5,25;3,67;4,67;2,33
581;1;28;1;2;3;13;2,75;3,75;3,75;6;4,25;3,5;4,75;3,67;3,67;2,00
582;1;28;2;2;9;12;3;3,75;4;2,67;2,75;3,25;2,13;2,67;2,33;4,00
583;1;28;1;4;6;13;3,25;2,25;3;5;4;3;4,88;3,67;3,33;2,00
584;1;28;2;4;11;16;4;3,5;3,25;7;4,25;2,25;5,88;3,67;3,67;1,67
585;1;27;1;2;7;17;3,75;3,25;4;6;5;3;5,75;4;3,33;2,00
586;1;26;1;2;8;12;3,5;3,25;3,25;3;3,25;2,25;3,25;3;3;2,33
587;1;26;2;4;17;15;4;4,75;3;3;2,5;1,75;3,63;4;2;4,67
588;1;26;1;2;14;12;3,75;4,25;2,75;5,67;4;3,25;5,38;2,67;4;1,67
589;1;26;2;2;9;17;3,5;3,25;2,75;6;3,75;3;4,75;2,67;3,33;2,67
590;1;24;2;2;9;17;4;2;3,75;4;3,75;2;3,75;3,67;2,67;2,00
591;1;24;2;3;6;13;2,25;2,75;2;6,33;4,25;3,75;5,88;4,67;4;1,67
592;2;65;1;2;3;13;3;3;2;7;4,75;3;7;4;4,67;1,33
593;2;63;1;4;3;12;3,5;3,75;2,75;4;3,75;3,75;4;2;4,33;2,67
594;2;63;1;2;6;13;3;3,5;2,75;6;4;4;5,5;3;4;2,00
595;2;63;1;2;6;13;2,25;2,5;2,75;4,33;3,5;3,25;3,63;3,33;3,67;2,00
596;2;61;1;3;13;13;2,5;1,25;2;6;3,5;2;4,5;3,67;4;1,00
597;2;61;1;4;10;13;2;3,25;3,25;2,67;3,25;2,75;2,88;3;2;1,67
598;2;61;2;4;3;12;3,5;3,75;3,25;6,33;4,75;4;6,63;4,67;4,67;1,00
599;2;61;2;1;7;17;3,5;4;3,75;5;3,75;3;4;2,67;4;3,00
600;2;60;1;2;7;17;2,75;2;2,25;7;3,5;2;5,38;3,33;4;2,33
601;2;60;1;2;6;13;3,5;2,75;2,75;6;4;4,25;5,13;2;3,67;1,33
602;2;58;2;4;13;12;3,5;3;2,75;5;3,25;3;4,6;3,33;3,33;1,67
603;2;58;2;4;13;12;4,25;4;3,5;5,33;2,75;2,25;4,75;2,33;2,67;1,67
604;2;57;1;2;3;11;2;1;1;7;4,25;5;7;3,67;5;1,00
605;2;57;1;2;6;13;2,75;1,5;2,5;6,67;4,25;4,25;5,75;3,67;4,33;1,00
606;2;57;2;4;12;12;3,5;3;2,25;4;3,5;2,75;4,38;2,33;4;2,00
607;2;57;1;3;13;12;3,75;4;2,5;6;4,25;3;6;3;4;1,33
608;2;56;1;5;3;11;3,5;4;3,5;6;4,75;3,5;5,5;2,67;3,67;2,33
609;2;56;2;2;11;16;3,75;3,5;3;6;4,25;3;5,5;4;4,33;1,67
610;2;56;2;2;10;11;2,5;2,75;2,75;6;4,5;3,75;5,75;4,33;4,33;1,00
611;2;53;1;2;3;13;4;3,75;2;6;4,25;2,75;5;2,33;4;3,67
612;2;53;2;4;13;12;1,25;3,25;1,75;7;4,5;4,25;6,5;4,33;4,67;1,00
613;2;53;1;2;3;13;-246,5;3,25;3;5,33;3,75;3;5;3;4;1,33
614;2;53;2;1;14;15;3;3;3,25;3;4,25;2,75;4,13;2;4;3,00
615;2;53;1;4;13;13;2,75;3,25;2,25;7;5;4,75;7;4,33;4,33;1,00
616;2;53;2;2;7;12;3,5;3,5;2;5;3,75;3,5;4,25;2,67;3,67;3,33
617;2;52;1;2;3;11;2,75;2;3;6;4,75;5;5,63;3,33;5;1,33
618;2;52;1;2;13;11;3,25;3;2,75;7;5;2,5;5,75;2,33;5;1,00
619;2;52;1;2;19;14;3;3,25;3,25;5,33;3,75;3;5,25;3;2,67;2,33
620;2;52;1;4;3;13;2,5;3,5;3,25;5;3,75;3,75;5,5;4;3,67;2,00
621;2;52;1;4;7;12;3,25;3;4;3,33;3,5;3;2,5;4;3,67;1,67
622;2;51;1;5;10;11;-999;-999;-999;7;-999;-999;6,63;-999;-999;1,00
623;2;51;1;3;13;13;3,5;3,25;2,25;7;3,75;4;5,88;3;4,33;1,00
624;2;51;1;4;13;13;4,25;3,25;3,5;5;4,5;3,5;5,38;3,33;3,33;2,67
625;2;51;2;2;11;16;3,25;3,5;2,75;6,67;5;2,75;6,13;3;4;1,00
626;2;50;2;4;18;15;2,25;3,25;3,25;6;4,75;3,25;5,25;3,33;4;1,00
627;2;50;1;4;13;13;3,75;3;2,75;6;4;3;5,5;3,67;3,67;1,33
628;2;50;1;2;6;15;4,25;4;3,5;2;4;3,25;1,38;2;2,33;5,00
629;2;50;2;2;7;12;2,25;2,75;1,75;6;4,25;3,25;5,86;3,33;4;1,00
630;2;50;1;3;3;13;3,75;3,75;3,5;4,33;4;2,5;3,5;4,67;3,33;1,67
631;2;50;1;4;11;13;2,5;3;3,75;5;4,75;4;5,75;4;4;1,00
632;2;50;2;4;17;15;3,75;4,75;4,25;4;3,75;3,5;4,38;1;4,67;4,00
633;2;49;2;4;7;13;2,5;3;2,5;5;3,5;2,75;5;3,33;2,67;2,33
634;2;49;2;4;19;12;2,25;2,25;2,75;5,33;3,5;3,25;5,38;2,67;3;1,33
635;2;49;1;4;10;13;1,25;3,25;2;7;4,75;4,75;6,13;3,67;4,67;1,00
636;2;43;1;4;3;13;3,5;2,75;2,25;6;4,25;4;5,88;4;4,67;1,00
637;2;43;2;4;3;13;2,25;2,25;2,5;6;3,5;3,25;5,88;3,33;3,67;1,00
638;2;42;1;4;5;13;3,5;3;2,75;6;3,5;3,25;5,25;3,33;3,33;1,67
639;2;65;2;4;16;14;1;2,75;1,75;6,67;4,5;4,25;6,75;4,67;4,67;1,00
640;2;64;2;4;16;14;3,5;3,5;2,75;3,33;3,75;3;3,5;3;3,67;2,33
641;2;64;1;4;3;12;3,5;3,25;3,75;5,33;4,5;4;4,75;2;3,67;1,00
642;2;63;2;4;14;12;2,5;3,75;2,25;-999;2;1,75;-999;1,33;3,67;-999,00
643;2;62;1;4;19;13;3,5;2,25;3,25;6;4,25;4,25;5,88;3,67;3,33;1,00
644;2;62;1;4;17;15;4;4;3,5;1;3,5;2,5;2,63;3;2,67;4,33
645;2;61;1;4;7;13;4;3;2,5;7;5;4;7;4;4;1,00
646;2;61;2;4;17;12;3,75;4;3;4;4,25;3,25;4,5;3,33;3,33;1,67
647;2;61;1;3;7;12;3;3;3;5,33;4;3;4,5;3;4;2,33
648;2;60;1;2;8;17;2,5;4;2,75;1,67;3,75;3;3;2,67;4;3,33
649;2;60;1;2;9;17;3,25;3,25;2;5,67;4,5;3,75;5,5;3,33;3,67;2,00
650;2;60;1;2;13;11;-248;3,25;2,25;6;-247;4;6,38;4,67;4,33;1,33
651;2;59;2;2;4;13;3,75;2,75;2,5;4,33;3,5;2,5;5,25;3,33;3,67;1,00
652;2;59;2;4;17;12;3,5;3,25;-498;-999;3;1,75;1,4;2;1,67;3,67
653;2;59;1;3;7;13;4;2,75;3;4,33;2,75;2;3,5;2,67;2,67;1,67
654;2;59;1;4;6;12;2,75;3;2,5;-999;3,75;3,25;4,5;3;3,67;1,33
655;2;58;2;3;5;12;2,25;1,75;1,25;6,67;5;3,5;5,5;4;3,67;1,00
656;2;58;2;3;3;13;4,5;2;3;5,67;4,25;3,5;5,13;3,33;3,67;1,00
657;2;58;1;4;13;11;3,5;2,75;3;6;4;3;5,38;3,33;3,67;1,33
658;2;58;1;3;19;12;3,5;4,25;3,5;4,33;3,75;3,25;4;2;3,67;2,33
659;2;57;1;2;6;13;4;4;3,5;4;3,75;3;2,25;2,67;3;3,00
660;2;56;1;4;13;12;2,75;3;3,75;6;3,75;4;5;2,67;3;3,33
661;2;56;1;3;7;12;3,5;4,25;3,25;2,33;3,75;3,25;5;3;3,67;1,33
662;2;55;2;2;3;12;2,5;2,5;2;6;4;2,75;6,25;2,67;4,33;2,00
663;2;55;1;3;11;12;2,75;2,5;2,75;7;4,5;4;5,5;4;5;1,00
664;2;55;2;2;7;17;3;3,25;3;5;4,75;2,75;4,5;2,67;4,67;2,00
665;2;55;1;4;3;12;3,5;2,25;3,25;6;4;3,25;5;3;3;1,33
666;2;55;1;4;3;11;2,75;3;2,25;6;4,25;4;5,5;3,67;4;1,00
667;2;54;1;3;7;11;3,25;3,75;2,5;6;-246,5;3,25;4,88;3;4;2,67
668;2;54;2;3;11;12;4;3,25;3,25;6;4,5;3,5;5,75;3,33;3,33;1,00
669;2;54;1;3;11;16;2,75;3,25;2,5;5;3,25;2,75;4,5;3,33;3,67;2,00
670;2;53;1;4;13;13;2,5;2,5;2,25;7;4,5;3,75;6;3,33;3,67;1,00
671;2;53;1;4;10;11;2,75;3,25;4,5;6,67;-246,5;3,75;5,88;4,67;4;1,00
672;2;53;2;2;13;12;3,5;4,5;3,75;7;5;4;6,5;4,67;3,67;2,00
673;2;53;1;2;3;13;1,75;1,75;1,25;6;3,75;4;6,25;3,67;4,67;1,00
674;2;53;1;5;3;12;2,25;2,75;3,25;5,67;3,75;3,75;4,63;3,33;4;1,00
675;2;52;1;2;10;13;3,5;2,5;3;6,67;3,5;3;5,75;3;4;1,67
676;2;52;2;2;6;12;2,25;1,25;1;6,67;4,25;2,5;5,75;3,67;4,33;1,00
677;2;51;1;4;10;12;2,25;2,5;2,5;7;3,75;4;6,63;4,33;3,33;1,33
678;2;51;2;4;10;12;2,75;4,75;3;6,67;3,25;2,75;4,63;2,67;3;1,00
679;2;51;1;3;13;13;2;3,25;2,75;4,33;4,75;3,75;5,13;3,67;4,33;1,00
680;2;51;1;3;3;13;3,25;3,25;3,25;6;4,25;3;5,5;4,67;3;1,67
681;2;51;1;2;7;11;3;3,25;3,25;3,33;3;3,25;3,88;2,67;3;2,00
682;2;50;1;3;12;12;2,75;2,75;3;5;4;3,25;4,88;3,67;2;1,67
683;2;50;2;4;17;15;4,25;4,5;3;2,67;3,75;2,25;2,75;4,33;4;2,00
684;2;50;2;2;10;12;2,75;2,5;2,5;7;3,5;3,5;6,25;4,33;4;1,67
685;2;49;1;2;18;13;2,75;3,75;3;5;3,5;3,5;4,13;3;3;3,33
686;2;49;1;3;13;12;3,5;3,25;2,75;4,67;4;3,5;5,13;2,67;2,67;2,00
687;2;49;2;4;11;16;2,75;3,25;2,5;5;3,25;2,5;3,63;3,33;3,67;1,33
688;2;49;2;2;8;12;3;3,5;3,25;7;4,25;3,5;5,63;3,67;4,33;2,67
689;2;48;2;2;7;12;3,75;3,25;4,5;7;4,5;3,5;6,88;3,33;4,33;1,00
690;2;48;1;4;3;13;1,5;2,5;3;5;4,5;3,5;5,25;2,33;4;1,00
691;2;48;1;4;13;12;3;3,25;1,75;7;4,75;4,25;7;4,67;4,33;1,00
692;2;47;1;2;7;13;4,25;3,5;3,5;5;3,75;2;4,63;2,33;3;3,00
693;2;46;1;4;3;12;2,75;2,75;3,25;6,33;4,5;4,25;5,88;4,67;4,33;1,67
694;2;46;2;4;7;12;3,25;2,25;2;6;3,5;3,5;5,5;3,67;3,67;1,00
695;2;46;2;4;13;13;3,25;2,5;2,75;7;3,75;3;5,13;3;4;1,33
696;2;45;2;4;3;12;4,25;4;3,25;4,67;4;3,33;4,75;2,5;3;1,67
697;2;55;1;4;3;13;3,75;3,25;3;7;3,25;4;6,38;4;4;1,33
698;2;55;1;2;7;17;2,25;2,25;2,25;6,67;4;4;5,88;4;5;1,00
699;2;55;1;2;3;12;2,25;4;2,5;6;4,25;2,75;4,88;2,33;4;3,33
700;2;55;1;2;3;12;3,75;3,5;2,75;4;3,5;2,75;3,5;1,67;4;3,00
701;2;54;1;2;7;17;4,5;3,25;4;7;4,5;3;6,5;1,67;4,33;2,67
702;2;54;2;2;7;12;2,25;3;2,25;6;3,75;3,75;5,38;3;4,67;1,00
703;2;53;1;4;7;11;4;3;3,5;5,33;3;3,25;5;2,67;4;2,67
704;2;53;1;3;13;13;4;3,75;2;6,67;4,25;4,25;6,38;4;5;1,00
705;2;53;2;4;3;12;3,25;3;2,75;6,33;4,5;3,5;5,5;2,67;4;1,00
706;2;53;1;2;6;13;2,25;2,25;1,5;6;4,75;3,25;6,38;4;5;1,00
707;2;52;2;2;10;12;3;2,5;2,75;5;3,5;3,5;4,38;4,33;3,67;1,00
708;2;52;1;2;3;13;2,5;1,75;2;6;3,5;3;5,38;3,67;3,33;1,00
709;2;52;1;3;10;12;3;3,25;3,75;3;3;3;3,13;3,33;3;2,33
710;2;52;1;3;6;13;2,75;3;2,5;6;4;3,5;6;3,67;4;2,00
711;2;52;2;2;7;11;4,5;3,5;2,5;6;4;3;5;3;3,67;1,67
712;2;52;2;4;7;17;4,5;3,25;2,75;5;2,75;1,75;3,88;3,67;4,67;5,00
713;2;51;1;2;6;12;3,25;3;3,25;6,33;3,5;3;5,25;4,33;3,67;1,33
714;2;51;2;4;3;12;2,5;2,25;2;5,67;4;3,5;5,63;3,33;4,33;1,67
715;1;26;2;2;3;13;2,75;3;2,75;3;3;3;3;3,33;2;2,00
716;1;26;1;4;16;12;4;3,75;4,5;5;4,5;2,5;4,13;2;2,67;3,00
717;1;25;2;2;9;17;3,25;5;5;1,67;3,25;2,25;1,88;2,33;2,67;5,00
718;2;50;1;4;2;13;4;4,25;3,75;5;4,75;3;5,38;2,67;3,33;2,00
719;2;50;1;3;7;11;2,5;2,75;3,25;7;4,75;3,5;5,88;3,67;4,67;1,33
720;2;48;1;2;7;13;4,25;3,25;1,25;7;4,75;3,75;7;3,67;4,67;1,00
721;2;47;1;3;7;13;3,5;3,75;2,75;6;4;3;5,25;3,33;3,67;2,00
722;2;47;2;2;11;16;2,75;4;2,75;5,33;4;3,75;4,38;3,67;5;1,00
723;2;47;1;4;13;13;4;3,75;2;6,33;3,25;2,5;3,5;2,33;4,33;3,67
724;2;47;2;2;11;12;3,5;2,75;3;5;4,75;3,5;4,38;3,33;4,33;1,33
725;2;46;1;4;13;13;4;2,25;3,5;6,67;2,5;3,5;4,38;2,67;4,33;1,00
726;2;46;1;4;7;12;3,25;3,25;2,5;5;3,5;2,5;5;2,67;3,33;2,00
727;2;45;2;4;17;15;-247,25;2,75;-247,5;4,33;3,5;3;4,75;3,33;2;2,00
728;2;45;2;4;3;13;4;2,75;2,75;6;4,5;3,75;4,63;3,67;4,33;1,00
729;2;45;1;4;10;11;4,5;4,75;3;6,67;5;4,25;6,25;4;4,67;1,00
730;2;45;1;4;7;13;4,25;2,5;3,75;5,67;4,25;3,25;5,13;3,33;3,67;1,00
731;2;45;1;4;13;13;4;2;3,25;7;5;4,75;6;4,33;4,67;1,67
732;2;45;2;4;13;13;3,75;4;2,75;6;4;3,75;5,13;3,67;4;1,67
733;2;44;2;4;3;13;3,25;3,5;3,75;6;4,5;3,25;5,63;3,67;3,33;2,00
734;2;44;1;1;6;13;3;3;2,75;7;5;4;5,25;4;4,67;1,00
735;2;43;1;4;13;13;2,5;3,75;2,25;7;4,75;4;6,88;4,33;4;1,00
736;2;43;2;2;3;13;2,5;3,25;2,5;6;-246,75;3,25;5,63;3,33;4;2,00
737;2;43;1;4;3;13;3,75;3,25;3,5;5;3,75;2,5;4,75;2,67;4,33;1,67
738;2;43;1;4;5;12;2,5;3,75;3,25;4;4;3,25;4,5;3,33;4;1,00
739;2;43;1;2;19;17;3,25;4,75;4,25;3;3,5;4;2,25;2,33;4,33;2,67
740;2;42;1;4;11;16;3,5;2,5;3,25;6;4,25;3,5;6;3;4;1,00
741;2;42;1;4;11;12;3;2,75;2,75;5,67;4,5;3,75;4,75;4,33;3,33;1,33
742;2;41;2;2;19;17;2,5;4,25;3,75;3;3,75;4,25;3;2;4,67;4,00
743;2;41;1;4;3;13;2,5;3;2,5;5;3,75;3;5;3;3,67;1,67
744;2;63;1;1;7;12;3,75;3;3,25;7;4,75;3,25;5,63;4;3,67;1,00
745;2;63;1;4;10;12;2;2,5;1,5;7;4,25;3,75;6,25;4;4,33;2,67
746;2;62;1;4;3;12;2,25;2,75;2,25;6;3,75;4,5;5,25;3,67;4;2,33
747;2;62;1;4;3;13;4;3;3;6;4;3,25;5,63;3,67;3,33;1,00
748;2;61;2;2;8;12;3,25;3,25;2,25;7;4,5;4,5;6,13;4;4,67;1,00
749;2;61;1;3;1;11;3;3,25;2,75;6,67;4,5;4,5;4,88;3,33;3,67;-999,00
750;2;61;1;2;7;12;2,75;3,25;2;6;4,25;3,25;6,38;3;4,33;1,00
751;2;61;1;2;14;11;3,5;3,25;2,5;5,33;4,75;4,25;5,13;2,67;4;1,00
752;2;60;1;2;3;13;3,75;4,5;3,25;6;5;4,25;4,75;3,67;4,33;2,33
753;2;59;1;4;3;13;4;2;3;6;4,5;4,75;6;3,67;5;1,00
754;2;59;1;4;19;13;1,5;1,5;1,75;7;4,25;4,75;6;4;4,67;1,33
755;2;59;1;3;6;11;2,75;3,5;2,5;7;4,75;5;6,5;3;4,67;1,67
756;2;58;2;2;7;13;3,75;1,75;3;6,33;4,75;4;5,88;3,67;4,33;1,33
757;2;58;2;3;10;12;2,75;3,25;3,5;5;4,75;4;6;4;5;1,00
758;2;58;1;2;10;12;3;3;3,75;3;3,5;2,75;4;3,67;3,33;2,00
759;2;58;1;4;3;12;3,75;3,5;3,75;4;3,25;3,25;4;2,33;3;2,33
760;2;58;1;4;16;14;2,75;3,5;3,25;5;4;3,25;4,88;4;3,67;2,00
761;2;57;1;4;11;16;2,25;3,25;3,75;4;4,25;3,75;5;3,67;2,67;1,33
762;2;57;1;4;12;12;2,5;2,25;2,25;6,67;3,5;3;6,13;3,33;4;2,00
763;2;45;1;2;6;13;3,75;4;2,75;5;4;3,5;4,63;3,67;4;2,00
764;2;44;2;4;13;13;4;2,75;4,25;5;4,25;3,5;4,5;3,67;3,33;3,00
765;2;44;1;4;3;13;2,75;2,5;2;6;4,5;3,5;6;4,33;4;1,00
766;2;44;2;4;3;13;2,75;2,25;2;6;-246,75;3,75;6,5;4,33;4,33;1,67
767;2;44;2;2;7;17;2;2,5;2,75;5,33;3,5;3,75;4,75;3,67;4;3,00
768;2;43;2;4;16;14;4;3;3;6,67;3,5;3;5,25;3;3,67;1,33
769;2;43;1;2;6;13;3;4;3,75;7;2,75;2,75;7;2;2,67;3,00
770;2;43;1;4;10;12;4,5;3,5;4,25;4,67;3;2,5;4;3,67;4;1,67
771;2;42;2;4;13;12;4,5;4,25;2,5;5;4,5;3;3,5;3,33;4;3,33
772;2;42;1;2;8;12;3,5;4,25;3,75;4;3,75;3,25;4,25;2,67;4;1,00
773;2;42;1;4;10;12;2,75;1,5;3;6;4,25;2,33;6;3,67;4,33;1,67
774;2;41;1;2;17;15;3,75;4,25;3;6;4;3,25;5,88;3,67;3,67;1,33
775;2;41;1;2;7;13;3,75;3;3;6;3,75;3;4,38;2,33;3,33;2,00
776;2;40;1;4;19;15;4;4;4;6;4,5;3,25;4,88;3;3,33;3,00
777;2;40;1;4;10;12;2,25;3,25;2,75;7;5;4;6,38;4,67;3;1,33
778;2;39;2;2;14;12;3,25;4,25;4,25;5,67;5;4;5,63;4,33;4,67;1,00
779;2;39;1;4;7;12;3,75;3,25;3,25;6;4;3;4,88;3,33;2,67;2,67
780;2;39;1;4;11;16;3;2,5;3;4,67;5;3,75;4,13;3,67;2,33;1,33
781;2;39;1;4;6;13;3,5;3,5;3;4,67;4;2,5;2,5;2,67;3;1,67
782;2;39;2;4;13;11;3,5;4,25;2,5;7;4,75;4,75;5,5;2;3,67;2,33
783;2;38;2;4;17;15;2,25;3,25;1,5;6,67;4,5;3,25;6,88;4,33;4,67;1,00
784;2;38;1;3;9;17;3,5;3,25;4;6;3,75;3;4,63;2,67;3,33;1,00
785;2;38;1;4;14;17;3,75;3;3;6;4;3,25;5,13;3,33;3,67;1,67
786;2;36;1;4;3;12;3,25;3,75;4;5,67;4;3,75;5,13;3,67;3,67;2,00
787;2;36;2;4;6;12;3,25;3,5;2,75;6;4,5;3,25;5,63;4,33;3,67;2,33
788;2;36;1;2;3;13;2,75;2,75;2,5;5,33;4;3,25;4,5;4;3,33;1,33
789;2;35;1;2;7;17;1,75;2,5;2;7;4,75;4,75;6,25;5;4,33;1,33
790;2;48;2;2;9;13;2,5;2,75;3;5,67;3,75;3,75;5,25;3,67;4,67;1,00
791;2;48;2;4;11;12;3,5;3,75;3;6;4;3,25;5;3;3,33;1,00
792;2;47;2;4;3;12;3,25;3;2,75;6;4,75;3,25;5,13;3,67;4,33;1,67
793;2;47;2;3;3;12;4,25;3;3;5;3,75;3;5,13;2,67;4;2,33
794;2;46;2;4;16;14;3,75;4,5;3,75;5;4,75;3;4,63;2;3;1,00
795;2;46;1;2;3;13;4,25;3,75;3,25;6;3,75;3,75;4,63;2,67;3,33;2,33
796;2;45;1;5;3;13;2,5;2,25;2,75;6,67;4,25;4;5,75;4,33;4;1,67
797;2;45;1;3;10;12;2;3;3,25;6,33;3,5;3,25;5,75;3,67;4,33;2,00
798;2;43;1;4;14;13;3,5;3,75;3,75;4;3,75;3,25;3,63;3;3,33;1,33
799;2;42;1;4;3;13;3;2,75;3,25;7;4,5;3,75;6,38;3,67;4;1,33
800;2;42;1;4;3;13;3,5;2,75;2,75;3,67;3,5;3,5;4,38;3;2,33;1,67
801;2;41;1;4;7;17;1,75;3,25;1,75;7;4,25;4,5;6,38;4,33;5;1,00
802;1;28;2;2;3;11;4,25;4;3,25;4,67;4,75;3,75;5,38;3,33;2,67;1,33
803;1;28;2;4;7;11;2,75;4,75;3,5;3;3,5;2,75;3,75;1,67;1;1,00
804;1;28;1;4;13;12;2;3,25;2,75;7;4,25;4,25;6,5;3,67;4;1,00
805;1;28;2;4;17;15;3;4,5;3;2,67;3,5;2;3,13;4,33;3,67;2,33
806;1;28;1;2;9;17;2,25;2,5;2,25;7;4,5;4;6,25;3;4,5;2,00
807;1;28;1;2;9;17;3,25;4;3,5;5,33;4,25;3,25;4,5;3;4;1,67
808;1;28;1;2;14;17;2,5;2,25;3,75;7;4,75;4;7;4,33;4,67;1,00
809;1;27;2;2;7;12;2,25;2,5;2,5;6;4;3,25;6,63;4,33;4;1,00
810;1;27;2;4;7;17;3;3,75;3,75;4,67;3,25;3;3,5;3,67;2,67;1,67
811;1;27;2;4;3;12;2,25;2,75;2,75;7;3,75;4,5;5,88;2,33;4;1,00
812;1;27;2;2;11;12;3,5;4;3;5;4,25;3;3,38;4;3,67;1,67
813;1;27;2;4;14;12;3;2,5;3,5;5,67;3;2,75;5,25;2;2;1,00
814;1;27;1;3;6;13;3,25;3,25;3,25;7;4,5;4;6,13;3,67;4;1,00
815;1;26;1;4;9;17;3,25;3,5;3;4;3,5;3,25;3,63;3,33;4,67;2,67
816;1;26;2;4;12;12;4;4,25;2,75;6;4;2,75;5;3;3,67;2,33
817;1;26;2;3;17;15;3,5;3,75;3;7;5;3,25;5,25;4;4,33;1,33
818;2;57;2;4;19;11;3,5;2,75;3;6;4;3,75;6,5;3,33;3,67;1,00
819;2;50;1;2;6;15;2;2,5;2,5;7;4;3,25;6,5;3,33;3,33;2,33
820;2;50;1;3;16;13;3,75;3,25;3,25;6;4,5;3,25;5,25;2,67;2,67;1,67
821;2;50;2;4;3;12;4,75;3;2,5;6;4,75;3,25;5,13;3,33;4;1,00
822;2;50;2;2;13;12;2;2,75;2;7;5;4,25;7;4;5;1,00
823;2;50;1;2;3;12;3,5;2,5;3;4,67;3,5;3,25;5,13;2,67;4;1,67
824;2;50;1;2;14;12;3;3;3,5;4;3,25;3,75;3,63;3,67;2,67;2,33
825;2;50;1;2;6;11;3,25;3;3,25;6;4;3,25;5,63;3;4,33;1,33
826;2;49;1;4;3;13;3,5;3;3;5,33;4;4;5;2,67;4,33;1,00
827;2;48;2;4;7;12;2,5;-247,5;2;6;4;3,75;6;4;4;1,33
828;2;48;1;4;13;11;2;3,25;3;6,67;3,75;4;5,63;4,67;4;1,33
829;2;47;1;2;13;13;3;2,75;2,75;6,33;4,5;4,25;6,13;3,67;4,67;1,33
830;2;47;1;2;13;11;3;3,25;2,25;5;3,75;3;4,63;3,33;4,33;2,00
831;2;46;1;4;17;15;2,75;3,75;2,5;5,67;4;3,75;4,63;2,67;3;2,00
832;2;45;1;2;7;17;3;3,25;3,5;6;4,5;4,25;5,25;3,33;4,33;1,00
833;2;45;1;3;3;13;3;3;3,5;4;3,5;3,25;4,25;3;3,67;1,33
834;2;44;2;4;3;12;3,75;2;2,25;5,67;4,75;4;6,13;3,67;4;1,00
835;2;44;1;4;10;11;3,75;3,25;4;6;3,75;3,25;4,63;2,67;4;3,67
836;2;43;2;4;7;13;2;3,25;2,75;7;4,5;3,25;6,38;2,67;5;1,00
837;2;43;1;4;3;11;3;3,25;2,25;7;4,5;4;6,88;3,67;4,67;1,00
838;2;43;1;4;13;13;4;1,75;2,25;6;4,25;3,75;5,25;3,33;4,33;1,33
839;2;43;1;2;6;13;2,75;2,5;3;7;4,75;3,25;6,75;4,67;3,33;1,67
840;2;42;2;4;7;12;3,75;3;3,5;6,33;4,25;3,75;6,38;3,67;3,33;1,00
841;2;42;1;2;3;13;2,25;2,75;2;3,33;4,25;4,25;6,57;2,67;5;1,00
842;2;40;2;4;13;13;3,75;3;2,25;7;4;4;7;3,67;4;1,33
843;2;40;1;4;13;12;4,25;5;3,5;4,33;5;3,5;4;2,33;4;1,00
844;2;40;1;2;10;13;1,25;2,5;3,25;5,33;3,5;2,75;4,5;4;3;1,33
845;2;39;1;4;3;13;4,75;3,75;4,5;1,33;3,25;3,25;3,63;3,33;2,67;2,33
846;2;38;2;3;17;15;4;3,25;3,75;5;3,25;2,5;3,75;3,33;3;2,67
847;2;37;2;2;3;12;3,25;3;2,25;6,67;4;3,25;6,13;3,33;4,33;1,00
848;2;36;1;4;13;12;4;2,75;2,25;7;4,5;3,5;6,75;4;4;1,00
849;2;36;2;4;7;13;2,75;1,75;2,5;-328,33;4,75;4;6,29;4,67;2,67;1,00
850;2;33;1;4;12;12;2,5;3;2,5;6;4,25;3,5;5,75;3,67;4,67;1,67
851;2;33;1;2;3;12;3,5;4;3,25;5,33;3,75;3,5;5,63;3,67;4;2,33
852;2;33;1;2;3;12;2,5;3,75;4;6;3,75;4,25;4,88;4,33;3,67;1,00
853;2;31;1;3;6;13;4;2,75;2,75;6,33;4,75;4,25;6,13;3,67;2,67;2,00
854;2;30;1;4;3;12;4;4,5;3,75;6,33;4,5;3,75;5,63;3;4;1,67
855;1;29;1;4;6;13;3,5;2,75;4;2;4,25;3,5;3,13;4;3,67;1,00
856;1;29;2;4;9;17;4,25;4,25;3,75;4,33;4,5;3,25;4,63;2,33;2,33;1,67
857;1;29;1;4;6;13;3,75;3,5;3;4;3,5;2,75;4,13;3;3;2,33
858;1;29;1;4;10;12;2;3,25;3,25;6;3,75;3,25;5,38;3,33;3;2,67
859;1;29;1;4;7;13;3,5;3,25;3,75;7;4,25;4,5;6,38;2,67;1,67;3,00
860;1;29;2;2;9;17;3,75;3,5;2,75;6,67;4,25;3,5;5,5;3,33;4,33;3,67
861;1;29;2;2;14;17;3,25;3;2,75;3;5;2,5;4,63;3;4,67;1,33
862;1;29;1;2;10;12;2,75;4;4;3,33;3,75;2,25;3,38;3;4,67;1,00
863;1;29;2;3;10;13;2,75;2,75;2,75;5,67;4,25;3,75;5;4;2,67;1,00
864;1;29;2;4;7;12;2,5;3;2;7;4,5;4;6;4,33;4;1,00
865;1;28;1;4;12;12;2,5;2,75;2,5;6,67;4,5;3,75;6,38;4,67;3,33;1,33
866;1;28;2;3;7;17;2,75;3;3;3;3,5;4,25;2,88;3,33;4,33;1,67
867;2;37;1;4;8;12;4,75;3,25;3;5,67;4,25;3,5;5,75;3,67;2,67;1,33
868;2;37;2;4;10;12;2,25;3,25;2,5;-330,33;3,75;3,5;4,13;4;4,67;1,00
869;2;36;1;2;14;12;2,75;2,75;2,75;6;4;4;6;4,33;4;1,67
870;2;35;2;3;11;16;3;3,25;2,75;5,33;3,75;3,5;5,13;3,67;3,67;1,00
871;1;25;2;3;17;15;3,5;3,5;3,5;5;4;3,25;5;4,33;3,67;1,00
872;1;25;1;2;19;11;2;3,25;3,75;4;3,5;4,33;4,63;2,33;3,33;1,00
873;1;21;2;2;17;15;3;3,75;2,5;7;4,25;4,5;7;5;4;1,33
874;2;63;1;4;3;12;4;4,25;3;5;4,75;4;4;3,67;4;1,00
875;2;61;2;4;11;12;2,25;3,75;3;7;3,75;2,75;5,38;4;3,33;1,00
876;2;61;1;2;3;13;2,5;2,25;2,75;7;3,25;4;5,13;2,67;3,67;2,00
877;2;61;2;2;15;12;3;4,5;2,5;2;3,75;2,5;4;3,33;2;3,00
878;2;60;1;4;7;11;4,25;3,75;3;6;5;4;4,38;3,67;5;1,67
879;2;60;2;2;3;12;2,5;3,25;3,25;4;4,5;3,5;4,88;3;4,67;1,67
880;2;60;1;4;6;13;3;3,25;3;6;3,75;3,75;6;3,67;3,67;1,00
881;2;60;1;4;7;12;3,25;4,25;3,5;3;3,25;3;4,5;3;2;3,33
882;2;59;1;5;13;13;3,25;2;2,5;5,67;4,75;3,25;4,63;4;3;1,67
883;2;59;1;4;10;12;3,5;3,5;3,75;7;5;3,5;6,13;4,33;5;1,33
884;2;59;1;2;3;12;3,75;3;3,5;2;5;3,5;4,38;3,33;4,67;3,33
885;2;59;1;2;6;11;3;3,25;3,25;6,33;4,25;4;5,14;1,67;3,67;1,33
886;2;59;2;2;19;12;3,25;2,75;2,5;6;4;3;5,88;3,67;3,67;1,00
887;2;58;1;4;19;11;2,75;2;1,5;6;4,25;4,25;6,25;4;4,33;1,67
888;2;57;1;2;6;13;2,75;3;3;7;4,5;4;6,13;4;4;1,33
889;2;57;1;4;6;11;2,75;3,5;1,75;6,67;4,25;3,5;6,88;4,67;5;1,33
890;2;57;2;4;17;15;3,25;3,5;3;4;3,75;3,5;4;3;4;1,67
891;2;57;2;2;13;16;2,25;2;1,75;7;3;4;6,25;2,67;4,67;1,00
892;2;56;1;3;13;13;2,5;1,5;2;6,33;5;4;5,88;4;3,67;1,67
893;2;33;1;4;17;15;2,5;3,5;2,75;6;4,75;3;4,63;2,33;4;1,33
894;1;29;1;4;9;17;2,75;3;2,5;4,33;-999;4,75;5;3,67;3,33;1,00
895;1;29;2;1;9;17;3,5;3,75;4;-999;4,5;4,25;5,88;4;3,67;1,00
896;1;29;2;2;11;16;1,25;3,75;3,25;7;3,75;4;5;4;4,67;2,33
897;1;29;2;2;6;13;3,5;4;3;7;4,5;3,5;6,13;3,33;3,33;1,67
898;1;29;1;2;9;12;2;2,75;3;6;-999;4,25;4,63;3,5;4;1,00
899;1;29;2;4;6;13;3,25;2,75;3,25;6;4;2,5;5;3;3,33;1,33
900;2;41;2;4;13;12;3,5;3,25;2,75;-328,67;4,25;3,75;5,25;4,33;3,67;1,33
901;2;41;1;4;10;13;3,25;3;3,25;5;3,25;3,75;4,63;4;3,67;2,67
902;2;40;2;2;10;13;4,5;4,75;4;3;4,75;2,25;3;1;3,67;3,33
903;2;40;1;2;6;11;3,75;3,5;3,5;3;4,75;4,25;4,75;4;4,33;2,67
904;2;40;1;2;8;12;2,5;3,75;4;5;4;3;4;4,33;3;2,00
905;2;39;2;4;13;12;2,5;2,75;2,5;6;4;3,5;5,38;3,33;3,33;1,33
906;2;39;1;4;10;12;2,25;3;2,5;7;4,75;4;6,38;4,67;3,67;1,00
907;2;39;1;4;6;13;2,75;3,25;2,75;7;5;3,5;6,5;4;4,67;2,00
908;2;38;1;4;11;16;2,25;2,5;2,5;5;3,75;2;4,88;2,67;4,33;1,00
909;2;38;1;2;6;13;3,5;3;3,25;5;4,75;3,5;4,25;4;4;1,67
910;2;38;2;4;11;12;2;2;2;5,33;4,5;4;4,5;4,33;4,33;1,00
911;2;38;2;4;17;12;3,5;3,75;2;6,33;3;3,25;4,75;3,67;3;1,67
912;2;38;1;2;7;12;2;3,25;3,25;6;3;4;5,63;3;4;2,00
913;2;38;1;4;11;12;3;2,75;2,25;5;4,25;3,25;5,13;2,67;4,33;2,00
914;2;37;1;4;3;12;4,25;3,75;3,75;5,33;4;2,75;4;2,67;3,67;2,33
915;2;37;2;4;6;13;3,25;3,25;3;3,67;3,5;3,5;4,88;3;2;2,67
916;2;36;2;4;10;11;4,5;5;4,5;3,33;3,75;2;2,25;3,67;2,67;3,33
917;2;35;2;4;17;15;2,75;3,25;3,5;6,33;4;3;5,38;2,33;3,67;1,67
918;2;35;1;4;3;13;3,75;4;3;5,67;4,75;3,5;5,75;4,33;3,33;1,00
919;2;33;1;4;7;12;3;2,25;2,25;6;4;3,5;6;3,33;4;2,00
920;2;30;1;4;14;12;4;3,25;2,75;4,33;3,75;3,5;4,13;4;5;3,33
921;2;30;1;2;10;12;3,25;3;2,75;7;4;3,75;6,13;4;4,33;1,33
922;1;29;1;4;10;13;2,25;1;2,5;7;5;4;6,25;4,33;3,33;1,67
923;1;29;1;4;10;13;4,75;3;2,5;6,67;4,75;4,5;5,5;3,33;4;1,00
924;1;29;1;3;14;13;3,25;2,5;3,75;5,33;3,5;3,25;5,38;2,33;2,33;2,67
925;1;29;2;4;11;12;3,25;2,5;2;7;5;3,75;6,75;3,67;4;1,00
926;1;29;1;4;7;12;4,25;4,75;4,5;4;3,5;2,5;5,25;2,67;2,67;3,00
927;1;29;1;4;10;12;3,75;3,25;3,75;3;3,5;3,5;3,63;3,33;3,33;1,00
928;2;58;1;1;8;13;3,25;2,5;1,75;6;3,25;3,25;5,88;4;4,67;1,33
929;2;58;1;1;3;13;2,75;2,25;3,25;6,33;3,75;3;5,38;2,33;4,33;1,00
930;2;57;1;2;9;17;2,5;2,75;2;6;2,75;4;7;3,67;5;2,33
931;2;57;1;3;13;13;2,75;2,5;2;7;3,25;2,5;5,75;3,67;4;2,00
932;2;57;1;3;6;13;3,75;3,25;2,75;5,67;4,25;3,25;5,88;3;4,67;1,33
933;2;56;2;2;7;17;3,75;3,75;2,5;5;3,75;3,75;4,25;3;4;1,67
934;2;55;2;4;3;12;3,5;4,25;3,25;5;3,5;2,25;3,88;3;4;1,67
935;2;54;2;3;16;15;3,25;3,25;2,5;4;3,75;2,25;3,5;2;3,33;5,00
936;2;54;1;2;13;12;4,75;1,75;3,5;5,33;3,75;2,5;3,63;2;3,67;2,33
937;2;30;1;2;6;12;2,75;2,75;2,75;7;4;4;6,13;2,33;3,67;1,33
938;1;29;2;4;7;13;4,75;3,5;4;3;3,5;2,75;3,88;2,67;1,33;1,00
939;1;29;1;2;9;17;4;3,75;4,25;3,67;4;3,5;3,63;3,33;4;3,00
940;1;29;1;4;5;13;3;1,5;3,75;7;4,75;2,75;5;3,33;2,67;1,00
941;1;29;1;2;18;13;2,25;3,25;2,25;5,67;4,25;3,5;5,25;3,33;4,33;2,33
942;1;29;1;4;10;13;3,25;4,25;3;7;5;3,5;6,5;3,33;3,67;1,00
943;1;29;1;4;3;13;4,25;2,75;2,5;7;4,75;3,25;6,75;3,33;4,33;1,33
944;1;29;2;4;17;12;4,5;3,25;3,75;4;3,25;2,75;2,5;3,67;2,33;4,67
945;1;29;1;3;17;15;3,25;4;4;7;3,25;3;6,13;2,33;3,33;1,67
946;1;29;1;2;6;13;3;3;3,5;6,33;4,75;3,5;6,25;3,67;3;2,00
947;1;29;2;4;14;12;4;3,5;3;3;2,75;1,75;3,25;3,33;3;1,00
948;1;29;1;1;7;17;3,5;3,5;3,75;4;3,75;3,25;4,38;4;3;1,00
949;1;28;2;2;9;17;4,5;4;3,25;3,67;3,25;2,25;3,5;3;3,33;4,33
950;1;28;2;4;18;17;3,25;3;2,5;6;4;3,25;4,38;4,67;4;1,67
951;1;28;2;4;14;13;2,75;3;3;3,67;3,5;2,75;4,25;2;4,33;1,00
952;1;28;2;2;9;17;2;3;2,5;4,67;3;2;4,63;3,67;3;2,33
953;1;28;1;1;7;11;3,5;4;3;6;4,5;4,5;5,88;3,67;3,67;1,33
954;1;28;2;2;9;17;3,5;2,5;2,5;4;4,5;2;3,13;2,33;4;1,00
955;1;28;2;4;14;12;2,75;3,75;3;3,33;4,25;2,75;3,25;3;5;1,00
956;1;28;2;4;7;17;4;3,75;4;5;2,75;1,25;2,63;2,33;3;4,00
957;1;28;1;4;6;13;2;3;2,5;6;4,5;3,75;6;3,33;4;1,00
958;1;27;2;4;7;12;2,25;4;3;7;5;3,75;6,5;3,33;4,33;1,00
959;1;27;2;3;11;16;1,5;2,25;3;3,67;3,75;2,5;5;3,33;3,67;1,00
960;1;27;1;2;9;17;2,75;3,75;3;7;4;4,75;5,5;2,5;3;1,00
961;1;27;2;4;11;16;2,25;1,5;1,5;7;5;2,25;6,88;3,67;5;1,00
962;1;26;2;4;17;15;3;4;2,5;7;4,25;3,75;6,5;4;4;1,00
963;2;56;1;2;13;11;3,25;2;2,25;6,33;5;3;6,63;5;5;1,00
964;2;56;1;1;3;13;3,25;3,25;2,75;4,67;3,75;2,75;4,5;3,67;4,33;2,67
965;2;56;1;4;14;13;2;2,75;2,5;6;3,5;4;5,25;4;3;1,00
966;2;56;1;4;6;13;2,5;2,75;2,25;5,67;4;3;5,5;3,33;4;1,00
967;2;55;1;2;8;12;1,75;3;2,75;6;3,5;3;5,38;3,67;3,67;1,67
968;2;55;1;2;13;13;2,25;4,25;3;4;4,25;3,75;4,5;3,67;4;1,00
969;2;55;1;3;13;12;2,75;3,75;3,5;5;4,25;4;5,5;4,33;3;2,00
970;2;55;2;4;13;12;3,25;3,5;3;7;4,75;3,75;6,63;3;4,33;1,00
971;2;54;1;3;3;13;4;3;3,75;2,67;3,5;2,75;3,13;2,67;3,33;2,33
972;2;54;1;1;9;13;2,5;3;2,25;-999;4;3;-999;3,67;4;-999,00
973;2;54;1;4;13;13;3,75;3;3;5,67;4,75;4;5,63;4,33;4,67;1,00
974;2;54;1;4;10;12;3,5;3;3;5;3,75;3,75;5;3,67;4,33;2,00
975;2;54;2;4;19;11;4;3,75;3,5;6,33;3,75;3,25;5;2,33;4,67;3,00
976;2;54;1;2;7;12;4,25;2,75;2,75;6,33;3,5;3,5;5,13;3,67;4;2,33
977;2;53;1;4;16;14;3,25;3;3;6;3,5;2,75;5,38;2,67;3,67;2,00
978;2;53;1;4;3;13;3;3,25;3;4;3,5;3,25;3,38;3;4;2,67
979;2;53;1;2;7;12;3,5;3,75;3;4,67;3,5;3;4,75;2,33;3,33;1,00
980;2;52;1;4;13;11;2,75;2,25;3,25;6;4,5;4,5;6,5;3,67;4;1,00
981;2;52;2;4;3;13;3;3,25;3,25;6;4,5;3,5;5,75;3,67;3;1,00
982;2;51;2;4;4;12;4;3,5;2,5;5;4,5;3,25;4,5;3;4;1,00
983;2;51;1;2;3;13;2,25;3;3,25;4,33;4,25;3;4,88;3,67;4;1,00
984;2;50;1;3;7;13;3,75;4;3,5;6;3,75;3,25;6;4;3,67;2,00
985;2;50;1;3;14;11;3,75;3,25;2,5;5;3,5;3,25;5,13;3;3,67;4,00
986;2;50;1;3;7;12;4;2;2,25;6;4;3;5,38;3,33;3,33;2,00
987;2;50;1;2;13;15;2,5;3;2,5;7;4,5;4,5;6,5;4,33;4;1,33
988;2;50;2;2;3;13;3,75;2,75;3;5;3;3;5,25;4,33;2;2,67
989;2;49;2;2;7;12;3,75;3;2,75;6,67;-246,75;2,75;6,75;3;4,33;2,33
990;2;49;1;4;7;12;3,25;3,75;2,75;7;4,5;4,25;6,88;3,67;4,67;1,00
991;2;48;1;3;3;13;4,25;3;3;6,33;4;3,25;5,63;3,33;3,67;1,33
992;2;40;1;2;3;13;4,25;3,25;3,5;3,33;3,75;3;3,75;2,67;2,67;1,67
993;2;40;1;3;3;13;3,25;2,5;3,5;5;4,5;4;4,5;3;3,67;1,00
994;2;38;2;4;7;13;4;2,75;-247,25;7;4;3,25;6,29;4;3;3,00
995;2;54;1;2;13;13;2,75;4,5;2,5;5,67;3,25;2,67;5,75;3;3;2,67
996;2;53;2;2;7;12;2,25;3;2,5;5;4,25;3,75;4,75;2,67;4,33;1,00
997;2;53;1;4;13;13;4,25;2,25;2,25;5;3,75;3,25;4,88;4,33;2,67;2,33
998;2;52;2;4;3;12;3,75;2;2,5;5,67;3,5;2;4,63;1,33;2,33;1,00
999;2;52;1;2;3;13;4;3,25;4;4,33;3,5;2,75;3;3;3,33;2,67
1000;2;52;1;2;7;13;1,75;2;3;7;4,5;4,25;7;4;4,33;1,00
1001;2;52;2;4;19;15;4;4,25;4,25;6;4,5;3,5;6;4;3;3,00
1002;2;51;1;4;3;11;2,5;2,25;1,25;7;5;4;6,5;4;5;1,00
1003;2;51;1;3;13;13;2,75;3,5;2,25;6;3,75;2,75;5,13;2;4;1,33
1004;2;51;1;2;7;12;2,5;2;3;3,67;4,5;3,75;3,75;3,33;2,33;1,67
1005;2;33;1;2;14;12;2,5;4;4,75;1;4,75;4;2,88;2,67;3,67;3,00
1006;2;30;2;2;3;17;1,5;2,5;3;7;4,25;3,25;5,88;3,67;1,67;1,00
1007;1;29;1;4;17;15;2,75;3,5;3,25;6,33;3,75;3,25;4,63;3,67;4,33;1,67
1008;1;29;1;4;7;13;2,5;2,75;2,5;6,67;4,25;4,25;6,63;3,67;4;1,00
1009;1;29;1;2;7;17;3,5;4,5;3,75;3;4;4;2,63;2;3,67;2,00
1010;1;29;2;2;9;17;1,5;2,5;3,5;7;5;4,5;7;4,67;5;1,00
1011;1;29;2;4;7;17;3,5;4;4;5;3,5;2,25;4;2,67;3;2,67
1012;1;29;1;2;9;17;2,5;3;2,25;6,33;4,5;3,5;6;4;4,67;1,33
1013;1;29;1;4;6;13;2;3,25;3;5,67;4,5;3;5,88;4,33;4;1,33
1014;1;28;1;2;10;12;2;1;1,5;7;4,25;5;7;1;5;1,67
1015;1;28;2;4;13;12;2,75;3,25;3;7;4,25;4,25;5,25;4,33;3,33;2,67
1016;1;28;2;4;14;12;3,25;3;4;5,67;3,25;3,5;3,5;2,33;2,67;2,00
1017;1;28;2;2;9;17;1;1,25;1,25;6,67;3,75;3,75;6,63;3,67;5;1,00
1018;1;28;2;2;9;17;2,5;3,25;3,75;3;3,75;3;3,63;1,67;1,67;1,00
1019;1;28;2;4;10;12;3;2,75;4;5,67;4,5;3,25;4,38;4;4;1,67
1020;1;28;1;2;7;12;4,25;3,25;4,5;4,33;4,25;3,25;3,63;2,33;4,33;1,67
1021;1;28;2;4;6;13;2,75;4,5;3,75;6,67;5;4,75;5,5;4,67;4,67;1,00
1022;1;28;1;2;6;13;2,25;3;2,5;7;4,75;4;6,63;3,33;4,67;1,67
1023;1;28;2;4;7;12;2,75;2,25;2,5;6;4,5;3;4,75;4;3;1,33
1024;1;28;1;2;7;13;2,75;1,75;2;6,67;4,75;4,5;5,63;5;5;2,67
1025;1;28;2;4;10;12;4;2,75;3,25;6;4,5;3,75;6,13;4,33;4;1,00
1026;1;28;2;4;12;12;2,25;3;2,75;7;4,75;3,75;6,75;4,67;4,67;1,33
1027;1;27;2;4;14;13;2,75;3,75;3;5,67;3,25;3,25;3,63;3,33;3;2,67
1028;1;27;2;2;11;12;2,75;4;3,75;3;3,5;3;3;3,67;2,33;3,33
1029;1;27;2;4;14;12;2,75;3,75;3;5,67;4;3,25;5,38;2,67;3;2,00
1030;1;27;2;4;7;17;3,75;4;3,5;5;4;3,75;5,13;3,67;3,33;3,33
1031;1;26;2;4;17;12;4;4,25;3,25;6;4,25;2,25;5,5;3,33;4;2,33
1032;1;26;1;2;7;11;3,5;3,25;4;4;4,5;3,5;3,88;3;4,33;1,67
1033;1;26;1;2;9;17;3,5;4,5;3,5;5;4,5;3,5;3,25;3;5;1,00
1034;1;26;1;2;9;17;4,25;3,75;3,5;5,67;3,25;2,75;5;3,67;2,67;4,33
1035;2;64;1;1;3;12;-999;-999;-999;-999;-999;-999;-999;-999;-999;-999,00
1036;2;58;1;1;3;13;-999;-999;-999;-999;-999;-999;-999;-999;-999;-999,00
1037;2;61;1;1;6;13;-999;-999;-999;-999;-999;-999;-999;-999;-999;-999,00
1038;2;64;1;1;7;17;-999;-999;-999;-999;-999;-999;-999;-999;-999;-999,00
1039;2;53;2;1;7;12;-999;-999;-999;-999;-999;-999;-999;-999;-999;-999,00
1040;2;56;1;1;7;12;-999;-999;-999;-999;-999;-999;-999;-999;-999;-999,00
1041;2;32;1;1;7;17;-999;-999;-999;-999;-999;-999;-999;-999;-999;-999,00
1042;1;27;2;1;9;17;-999;-999;-999;-999;-999;-999;-999;-999;-999;-999,00
1043;2;42;2;1;13;12;-999;-999;-999;-999;-999;-999;-999;-999;-999;-999,00
1044;2;35;1;2;7;13;-999;-999;-999;-999;-999;-999;-999;-999;-999;-999,00
1045;1;26;1;2;8;12;-999;-999;-999;-999;-999;-999;-999;-999;-999;-999,00
1046;2;56;1;2;3;15;-999;-999;-999;-999;-999;-999;-999;-999;-999;-999,00
1047;3;52;1;2;6;13;-999;-999;-999;-999;-999;-999;-999;-999;-999;-999,00
1048;2;58;2;2;7;13;-999;-999;-999;-999;-999;-999;-999;-999;-999;-999,00
1049;2;56;2;2;7;12;-999;-999;-999;-999;-999;-999;-999;-999;-999;-999,00
1050;2;65;1;2;7;17;-999;-999;-999;-999;-999;-999;-999;-999;-999;-999,00
1051;2;55;1;2;11;16;-999;-999;-999;-999;-999;-999;-999;-999;-999;-999,00
1052;2;60;1;2;11;13;-999;-999;-999;-999;-999;-999;-999;-999;-999;-999,00
1053;2;60;1;2;13;13;-999;-999;-999;-999;-999;-999;-999;-999;-999;-999,00
1054;3;55;1;2;15;15;-999;-999;-999;-999;-999;-999;-999;-999;-999;-999,00
1055;2;55;2;2;17;12;-999;-999;-999;-999;-999;-999;-999;-999;-999;-999,00
1056;2;62;1;2;1;13;-999;-999;-999;-999;-999;-999;-999;-999;-999;-999,00
1057;2;62;1;2;3;13;-999;-999;-999;-999;-999;-999;-999;-999;-999;-999,00
1058;2;54;1;2;3;13;-999;-999;-999;-999;-999;-999;-999;-999;-999;-999,00
1059;2;43;2;2;3;12;-999;-999;-999;-999;-999;-999;-999;-999;-999;-999,00
1060;2;48;2;2;3;12;-999;-999;-999;-999;-999;-999;-999;-999;-999;-999,00
1061;2;61;1;2;3;12;-999;-999;-999;-999;-999;-999;-999;-999;-999;-999,00
1062;2;49;1;2;3;13;-999;-999;-999;-999;-999;-999;-999;-999;-999;-999,00
1063;2;48;1;2;3;12;-999;-999;-999;-999;-999;-999;-999;-999;-999;-999,00
1064;2;49;2;2;3;13;-999;-999;-999;-999;-999;-999;-999;-999;-999;-999,00
1065;2;55;1;2;3;13;-999;-999;-999;-999;-999;-999;-999;-999;-999;-999,00
1066;2;49;1;2;7;17;-999;-999;-999;-999;-999;-999;-999;-999;-999;-999,00
1067;2;64;1;2;7;17;-999;-999;-999;-999;-999;-999;-999;-999;-999;-999,00
1068;2;56;1;2;7;12;-999;-999;-999;-999;-999;-999;-999;-999;-999;-999,00
1069;2;56;1;2;7;12;-999;-999;-999;-999;-999;-999;-999;-999;-999;-999,00
1070;2;64;2;2;7;12;-999;-999;-999;-999;-999;-999;-999;-999;-999;-999,00
1071;2;49;1;2;7;13;-999;-999;-999;-999;-999;-999;-999;-999;-999;-999,00
1072;2;64;1;2;7;13;-999;-999;-999;-999;-999;-999;-999;-999;-999;-999,00
1073;2;61;2;2;7;12;-999;-999;-999;-999;-999;-999;-999;-999;-999;-999,00
1074;3;55;2;2;8;12;-999;-999;-999;-999;-999;-999;-999;-999;-999;-999,00
1075;2;52;1;2;10;12;-999;-999;-999;-999;-999;-999;-999;-999;-999;-999,00
1076;2;61;2;2;11;13;-999;-999;-999;-999;-999;-999;-999;-999;-999;-999,00
1077;2;48;1;2;14;12;-999;-999;-999;-999;-999;-999;-999;-999;-999;-999,00
1078;3;54;2;2;14;17;-999;-999;-999;-999;-999;-999;-999;-999;-999;-999,00
1079;2;54;2;2;17;17;-999;-999;-999;-999;-999;-999;-999;-999;-999;-999,00
1080;2;56;1;2;18;17;-999;-999;-999;-999;-999;-999;-999;-999;-999;-999,00
1081;2;64;2;2;19;12;-999;-999;-999;-999;-999;-999;-999;-999;-999;-999,00
1082;2;48;2;2;19;12;-999;-999;-999;-999;-999;-999;-999;-999;-999;-999,00
1083;2;46;2;2;7;12;-999;-999;-999;-999;-999;-999;-999;-999;-999;-999,00
1084;1;29;1;2;10;12;-999;-999;-999;-999;-999;-999;-999;-999;-999;-999,00
1085;2;55;2;2;13;13;-999;-999;-999;-999;-999;-999;-999;-999;-999;-999,00
1086;3;57;1;2;16;15;-999;-999;-999;-999;-999;-999;-999;-999;-999;-999,00
1087;1;23;2;2;14;13;-999;-999;-999;-999;-999;-999;-999;-999;-999;-999,00
1088;1;22;1;2;14;13;-999;-999;-999;-999;-999;-999;-999;-999;-999;-999,00
1089;1;22;2;2;14;12;-999;-999;-999;-999;-999;-999;-999;-999;-999;-999,00
1090;3;36;1;2;-999;14;-999;-999;-999;-999;-999;-999;-999;-999;-999;-999,00
1091;2;57;1;2;3;12;-999;-999;-999;-999;-999;-999;-999;-999;-999;-999,00
1092;2;57;2;2;3;13;-999;-999;-999;-999;-999;-999;-999;-999;-999;-999,00
1093;2;49;2;2;7;17;-999;-999;-999;-999;-999;-999;-999;-999;-999;-999,00
1094;2;61;2;2;13;12;-999;-999;-999;-999;-999;-999;-999;-999;-999;-999,00
1095;1;28;2;2;14;12;-999;-999;-999;-999;-999;-999;-999;-999;-999;-999,00
1096;2;46;2;2;16;13;-999;-999;-999;-999;-999;-999;-999;-999;-999;-999,00
1097;1;25;1;2;18;17;-999;-999;-999;-999;-999;-999;-999;-999;-999;-999,00
1098;2;59;1;2;3;13;-999;-999;-999;-999;-999;-999;-999;-999;-999;-999,00
1099;2;52;2;2;3;12;-999;-999;-999;-999;-999;-999;-999;-999;-999;-999,00
1100;2;51;2;2;3;12;-999;-999;-999;-999;-999;-999;-999;-999;-999;-999,00
1101;2;53;1;2;3;12;-999;-999;-999;-999;-999;-999;-999;-999;-999;-999,00
1102;2;61;2;2;3;12;-999;-999;-999;-999;-999;-999;-999;-999;-999;-999,00
1103;2;65;1;2;3;13;-999;-999;-999;-999;-999;-999;-999;-999;-999;-999,00
1104;2;47;2;2;3;12;-999;-999;-999;-999;-999;-999;-999;-999;-999;-999,00
1105;2;58;2;2;6;12;-999;-999;-999;-999;-999;-999;-999;-999;-999;-999,00
1106;3;49;1;2;6;15;-999;-999;-999;-999;-999;-999;-999;-999;-999;-999,00
1107;1;26;1;2;7;17;-999;-999;-999;-999;-999;-999;-999;-999;-999;-999,00
1108;1;25;1;2;7;12;-999;-999;-999;-999;-999;-999;-999;-999;-999;-999,00
1109;1;27;2;2;7;12;-999;-999;-999;-999;-999;-999;-999;-999;-999;-999,00
1110;1;24;1;2;7;13;-999;-999;-999;-999;-999;-999;-999;-999;-999;-999,00
1111;2;34;2;2;7;12;-999;-999;-999;-999;-999;-999;-999;-999;-999;-999,00
1112;2;32;2;2;7;12;-999;-999;-999;-999;-999;-999;-999;-999;-999;-999,00
1113;1;29;2;2;7;12;-999;-999;-999;-999;-999;-999;-999;-999;-999;-999,00
1114;2;53;2;2;7;12;-999;-999;-999;-999;-999;-999;-999;-999;-999;-999,00
1115;1;29;1;2;7;13;-999;-999;-999;-999;-999;-999;-999;-999;-999;-999,00
1116;2;63;2;2;7;12;-999;-999;-999;-999;-999;-999;-999;-999;-999;-999,00
1117;2;56;2;2;7;12;-999;-999;-999;-999;-999;-999;-999;-999;-999;-999,00
1118;1;29;2;2;7;12;-999;-999;-999;-999;-999;-999;-999;-999;-999;-999,00
1119;2;54;2;2;7;17;-999;-999;-999;-999;-999;-999;-999;-999;-999;-999,00
1120;1;27;2;2;7;12;-999;-999;-999;-999;-999;-999;-999;-999;-999;-999,00
1121;2;63;1;2;7;11;-999;-999;-999;-999;-999;-999;-999;-999;-999;-999,00
1122;1;26;2;2;7;12;-999;-999;-999;-999;-999;-999;-999;-999;-999;-999,00
1123;2;63;1;2;7;11;-999;-999;-999;-999;-999;-999;-999;-999;-999;-999,00
1124;2;55;2;2;8;12;-999;-999;-999;-999;-999;-999;-999;-999;-999;-999,00
1125;1;27;2;2;8;12;-999;-999;-999;-999;-999;-999;-999;-999;-999;-999,00
1126;1;28;1;2;8;15;-999;-999;-999;-999;-999;-999;-999;-999;-999;-999,00
1127;1;28;2;2;9;17;-999;-999;-999;-999;-999;-999;-999;-999;-999;-999,00
1128;2;54;2;2;9;12;-999;-999;-999;-999;-999;-999;-999;-999;-999;-999,00
1129;1;23;2;2;9;17;-999;-999;-999;-999;-999;-999;-999;-999;-999;-999,00
1130;1;23;2;2;9;17;-999;-999;-999;-999;-999;-999;-999;-999;-999;-999,00
1131;1;22;2;2;9;17;-999;-999;-999;-999;-999;-999;-999;-999;-999;-999,00
1132;1;23;2;2;9;17;-999;-999;-999;-999;-999;-999;-999;-999;-999;-999,00
1133;1;29;2;2;9;17;-999;-999;-999;-999;-999;-999;-999;-999;-999;-999,00
1134;2;55;1;2;9;17;-999;-999;-999;-999;-999;-999;-999;-999;-999;-999,00
1135;1;26;2;2;9;17;-999;-999;-999;-999;-999;-999;-999;-999;-999;-999,00
1136;1;27;2;2;9;17;-999;-999;-999;-999;-999;-999;-999;-999;-999;-999,00
1137;2;55;2;2;10;15;-999;-999;-999;-999;-999;-999;-999;-999;-999;-999,00
1138;2;46;2;2;10;12;-999;-999;-999;-999;-999;-999;-999;-999;-999;-999,00
1139;3;63;1;2;10;13;-999;-999;-999;-999;-999;-999;-999;-999;-999;-999,00
1140;1;25;1;2;10;12;-999;-999;-999;-999;-999;-999;-999;-999;-999;-999,00
1141;2;46;2;2;10;12;-999;-999;-999;-999;-999;-999;-999;-999;-999;-999,00
1142;2;49;2;2;10;12;-999;-999;-999;-999;-999;-999;-999;-999;-999;-999,00
1143;1;28;1;2;10;12;-999;-999;-999;-999;-999;-999;-999;-999;-999;-999,00
1144;2;49;1;2;10;13;-999;-999;-999;-999;-999;-999;-999;-999;-999;-999,00
1145;2;51;1;2;10;13;-999;-999;-999;-999;-999;-999;-999;-999;-999;-999,00
1146;2;56;2;2;10;12;-999;-999;-999;-999;-999;-999;-999;-999;-999;-999,00
1147;1;29;2;2;10;13;-999;-999;-999;-999;-999;-999;-999;-999;-999;-999,00
1148;1;23;2;2;10;12;-999;-999;-999;-999;-999;-999;-999;-999;-999;-999,00
1149;1;24;2;2;11;16;-999;-999;-999;-999;-999;-999;-999;-999;-999;-999,00
1150;2;50;1;2;11;16;-999;-999;-999;-999;-999;-999;-999;-999;-999;-999,00
1151;1;29;1;2;11;16;-999;-999;-999;-999;-999;-999;-999;-999;-999;-999,00
1152;1;27;2;2;11;12;-999;-999;-999;-999;-999;-999;-999;-999;-999;-999,00
1153;3;54;1;2;12;13;-999;-999;-999;-999;-999;-999;-999;-999;-999;-999,00
1154;1;21;2;2;12;12;-999;-999;-999;-999;-999;-999;-999;-999;-999;-999,00
1155;2;65;2;2;12;12;-999;-999;-999;-999;-999;-999;-999;-999;-999;-999,00
1156;1;29;2;2;13;14;-999;-999;-999;-999;-999;-999;-999;-999;-999;-999,00
1157;1;26;2;2;13;12;-999;-999;-999;-999;-999;-999;-999;-999;-999;-999,00
1158;1;25;2;2;14;12;-999;-999;-999;-999;-999;-999;-999;-999;-999;-999,00
1159;1;24;2;2;14;13;-999;-999;-999;-999;-999;-999;-999;-999;-999;-999,00
1160;1;21;2;2;14;13;-999;-999;-999;-999;-999;-999;-999;-999;-999;-999,00
1161;2;54;1;2;14;12;-999;-999;-999;-999;-999;-999;-999;-999;-999;-999,00
1162;1;23;1;2;14;12;-999;-999;-999;-999;-999;-999;-999;-999;-999;-999,00
1163;1;29;1;2;14;12;-999;-999;-999;-999;-999;-999;-999;-999;-999;-999,00
1164;2;65;2;2;14;12;-999;-999;-999;-999;-999;-999;-999;-999;-999;-999,00
1165;2;55;2;2;14;13;-999;-999;-999;-999;-999;-999;-999;-999;-999;-999,00
1166;3;63;2;2;15;11;-999;-999;-999;-999;-999;-999;-999;-999;-999;-999,00
1167;3;57;1;2;15;13;-999;-999;-999;-999;-999;-999;-999;-999;-999;-999,00
1168;3;44;1;2;15;15;-999;-999;-999;-999;-999;-999;-999;-999;-999;-999,00
1169;3;60;2;2;17;12;-999;-999;-999;-999;-999;-999;-999;-999;-999;-999,00
1170;1;22;2;2;17;15;-999;-999;-999;-999;-999;-999;-999;-999;-999;-999,00
1171;1;22;2;2;17;15;-999;-999;-999;-999;-999;-999;-999;-999;-999;-999,00
1172;1;24;2;2;18;12;-999;-999;-999;-999;-999;-999;-999;-999;-999;-999,00
1173;1;22;2;2;18;17;-999;-999;-999;-999;-999;-999;-999;-999;-999;-999,00
1174;1;28;2;2;18;17;-999;-999;-999;-999;-999;-999;-999;-999;-999;-999,00
1175;1;27;2;2;18;17;-999;-999;-999;-999;-999;-999;-999;-999;-999;-999,00
1176;1;26;2;2;19;17;-999;-999;-999;-999;-999;-999;-999;-999;-999;-999,00
1177;1;27;1;2;3;13;-999;-999;-999;-999;-999;-999;-999;-999;-999;-999,00
1178;2;48;2;2;7;12;-999;-999;-999;-999;-999;-999;-999;-999;-999;-999,00
1179;2;55;2;2;7;13;-999;-999;-999;-999;-999;-999;-999;-999;-999;-999,00
1180;2;47;1;2;7;12;-999;-999;-999;-999;-999;-999;-999;-999;-999;-999,00
1181;2;48;2;2;7;12;-999;-999;-999;-999;-999;-999;-999;-999;-999;-999,00
1182;1;28;1;2;7;12;-999;-999;-999;-999;-999;-999;-999;-999;-999;-999,00
1183;2;59;1;2;7;17;-999;-999;-999;-999;-999;-999;-999;-999;-999;-999,00
1184;1;27;1;2;7;12;-999;-999;-999;-999;-999;-999;-999;-999;-999;-999,00
1185;2;32;1;2;7;17;-999;-999;-999;-999;-999;-999;-999;-999;-999;-999,00
1186;1;26;1;2;8;12;-999;-999;-999;-999;-999;-999;-999;-999;-999;-999,00
1187;1;29;2;2;9;17;-999;-999;-999;-999;-999;-999;-999;-999;-999;-999,00
1188;1;29;2;2;9;17;-999;-999;-999;-999;-999;-999;-999;-999;-999;-999,00
1189;1;29;2;2;9;17;-999;-999;-999;-999;-999;-999;-999;-999;-999;-999,00
1190;1;25;2;2;9;17;-999;-999;-999;-999;-999;-999;-999;-999;-999;-999,00
1191;1;25;2;2;9;12;-999;-999;-999;-999;-999;-999;-999;-999;-999;-999,00
1192;1;28;2;2;9;12;-999;-999;-999;-999;-999;-999;-999;-999;-999;-999,00
1193;1;26;2;2;9;17;-999;-999;-999;-999;-999;-999;-999;-999;-999;-999,00
1194;1;28;2;2;10;13;-999;-999;-999;-999;-999;-999;-999;-999;-999;-999,00
1195;2;55;1;2;10;12;-999;-999;-999;-999;-999;-999;-999;-999;-999;-999,00
1196;2;40;1;2;10;12;-999;-999;-999;-999;-999;-999;-999;-999;-999;-999,00
1197;2;49;1;2;13;17;-999;-999;-999;-999;-999;-999;-999;-999;-999;-999,00
1198;1;26;1;2;13;12;-999;-999;-999;-999;-999;-999;-999;-999;-999;-999,00
1199;2;36;2;2;13;17;-999;-999;-999;-999;-999;-999;-999;-999;-999;-999,00
1200;1;26;2;2;14;12;-999;-999;-999;-999;-999;-999;-999;-999;-999;-999,00
1201;1;25;1;2;14;13;-999;-999;-999;-999;-999;-999;-999;-999;-999;-999,00
1202;1;28;2;2;14;13;-999;-999;-999;-999;-999;-999;-999;-999;-999;-999,00
1203;1;29;2;2;14;12;-999;-999;-999;-999;-999;-999;-999;-999;-999;-999,00
1204;2;57;1;2;14;11;-999;-999;-999;-999;-999;-999;-999;-999;-999;-999,00
1205;2;42;2;2;14;14;-999;-999;-999;-999;-999;-999;-999;-999;-999;-999,00
1206;1;29;1;2;14;13;-999;-999;-999;-999;-999;-999;-999;-999;-999;-999,00
1207;3;55;1;2;15;12;-999;-999;-999;-999;-999;-999;-999;-999;-999;-999,00
1208;1;28;2;2;17;15;-999;-999;-999;-999;-999;-999;-999;-999;-999;-999,00
1209;1;23;1;2;18;12;-999;-999;-999;-999;-999;-999;-999;-999;-999;-999,00
1210;1;23;2;2;18;17;-999;-999;-999;-999;-999;-999;-999;-999;-999;-999,00
1211;3;51;1;3;4;13;-999;-999;-999;-999;-999;-999;-999;-999;-999;-999,00
1212;2;49;2;3;5;12;-999;-999;-999;-999;-999;-999;-999;-999;-999;-999,00
1213;2;51;1;3;7;12;-999;-999;-999;-999;-999;-999;-999;-999;-999;-999,00
1214;1;29;1;3;7;12;-999;-999;-999;-999;-999;-999;-999;-999;-999;-999,00
1215;2;56;1;3;7;12;-999;-999;-999;-999;-999;-999;-999;-999;-999;-999,00
1216;2;61;2;3;8;12;-999;-999;-999;-999;-999;-999;-999;-999;-999;-999,00
1217;1;29;2;3;8;12;-999;-999;-999;-999;-999;-999;-999;-999;-999;-999,00
1218;1;24;2;3;9;17;-999;-999;-999;-999;-999;-999;-999;-999;-999;-999,00
1219;1;23;2;3;9;17;-999;-999;-999;-999;-999;-999;-999;-999;-999;-999,00
1220;1;26;2;3;9;17;-999;-999;-999;-999;-999;-999;-999;-999;-999;-999,00
1221;2;63;1;3;10;15;-999;-999;-999;-999;-999;-999;-999;-999;-999;-999,00
1222;2;51;2;3;11;16;-999;-999;-999;-999;-999;-999;-999;-999;-999;-999,00
1223;2;37;2;3;11;12;-999;-999;-999;-999;-999;-999;-999;-999;-999;-999,00
1224;1;29;1;3;13;12;-999;-999;-999;-999;-999;-999;-999;-999;-999;-999,00
1225;1;28;2;3;13;13;-999;-999;-999;-999;-999;-999;-999;-999;-999;-999,00
1226;1;23;1;3;14;13;-999;-999;-999;-999;-999;-999;-999;-999;-999;-999,00
1227;1;29;1;3;17;15;-999;-999;-999;-999;-999;-999;-999;-999;-999;-999,00
1228;1;28;2;3;17;12;-999;-999;-999;-999;-999;-999;-999;-999;-999;-999,00
1229;3;44;2;3;18;15;-999;-999;-999;-999;-999;-999;-999;-999;-999;-999,00
1230;2;50;2;3;19;12;-999;-999;-999;-999;-999;-999;-999;-999;-999;-999,00
1231;2;50;1;3;3;13;-999;-999;-999;-999;-999;-999;-999;-999;-999;-999,00
1232;2;59;1;3;3;13;-999;-999;-999;-999;-999;-999;-999;-999;-999;-999,00
1233;2;53;1;3;3;13;-999;-999;-999;-999;-999;-999;-999;-999;-999;-999,00
1234;2;51;1;3;3;13;-999;-999;-999;-999;-999;-999;-999;-999;-999;-999,00
1235;2;64;1;3;3;13;-999;-999;-999;-999;-999;-999;-999;-999;-999;-999,00
1236;2;61;1;3;3;17;-999;-999;-999;-999;-999;-999;-999;-999;-999;-999,00
1237;2;65;1;3;6;13;-999;-999;-999;-999;-999;-999;-999;-999;-999;-999,00
1238;2;59;1;3;6;12;-999;-999;-999;-999;-999;-999;-999;-999;-999;-999,00
1239;2;55;1;3;7;13;-999;-999;-999;-999;-999;-999;-999;-999;-999;-999,00
1240;2;47;1;3;7;12;-999;-999;-999;-999;-999;-999;-999;-999;-999;-999,00
1241;2;52;1;3;7;12;-999;-999;-999;-999;-999;-999;-999;-999;-999;-999,00
1242;3;62;1;3;10;12;-999;-999;-999;-999;-999;-999;-999;-999;-999;-999,00
1243;3;51;2;3;15;13;-999;-999;-999;-999;-999;-999;-999;-999;-999;-999,00
1244;2;57;2;3;3;12;-999;-999;-999;-999;-999;-999;-999;-999;-999;-999,00
1245;3;62;1;3;6;12;-999;-999;-999;-999;-999;-999;-999;-999;-999;-999,00
1246;2;32;2;3;7;12;-999;-999;-999;-999;-999;-999;-999;-999;-999;-999,00
1247;1;28;2;3;10;13;-999;-999;-999;-999;-999;-999;-999;-999;-999;-999,00
1248;1;29;1;3;13;13;-999;-999;-999;-999;-999;-999;-999;-999;-999;-999,00
1249;1;28;1;3;14;13;-999;-999;-999;-999;-999;-999;-999;-999;-999;-999,00
1250;1;26;2;3;14;12;-999;-999;-999;-999;-999;-999;-999;-999;-999;-999,00
1251;2;58;2;3;14;12;-999;-999;-999;-999;-999;-999;-999;-999;-999;-999,00
1252;3;54;2;3;14;15;-999;-999;-999;-999;-999;-999;-999;-999;-999;-999,00
1253;2;65;2;3;3;13;-999;-999;-999;-999;-999;-999;-999;-999;-999;-999,00
1254;2;63;1;3;11;13;-999;-999;-999;-999;-999;-999;-999;-999;-999;-999,00
1255;2;46;1;3;11;13;-999;-999;-999;-999;-999;-999;-999;-999;-999;-999,00
1256;2;62;1;4;3;13;-999;-999;-999;-999;-999;-999;-999;-999;-999;-999,00
1257;1;28;2;4;13;13;-999;-999;-999;-999;-999;-999;-999;-999;-999;-999,00
1258;2;46;1;4;13;13;-999;-999;-999;-999;-999;-999;-999;-999;-999;-999,00
1259;2;48;1;4;3;12;-999;-999;-999;-999;-999;-999;-999;-999;-999;-999,00
1260;2;41;1;4;5;12;-999;-999;-999;-999;-999;-999;-999;-999;-999;-999,00
1261;2;65;1;4;5;12;-999;-999;-999;-999;-999;-999;-999;-999;-999;-999,00
1262;2;56;1;4;6;13;-999;-999;-999;-999;-999;-999;-999;-999;-999;-999,00
1263;1;24;1;4;6;13;-999;-999;-999;-999;-999;-999;-999;-999;-999;-999,00
1264;1;26;1;4;7;12;-999;-999;-999;-999;-999;-999;-999;-999;-999;-999,00
1265;1;26;2;4;7;12;-999;-999;-999;-999;-999;-999;-999;-999;-999;-999,00
1266;1;24;2;4;7;13;-999;-999;-999;-999;-999;-999;-999;-999;-999;-999,00
1267;2;36;1;4;7;13;-999;-999;-999;-999;-999;-999;-999;-999;-999;-999,00
1268;2;39;1;4;7;13;-999;-999;-999;-999;-999;-999;-999;-999;-999;-999,00
1269;1;26;2;4;9;17;-999;-999;-999;-999;-999;-999;-999;-999;-999;-999,00
1270;3;52;2;4;12;12;-999;-999;-999;-999;-999;-999;-999;-999;-999;-999,00
1271;1;26;1;4;13;12;-999;-999;-999;-999;-999;-999;-999;-999;-999;-999,00
1272;1;28;1;4;15;12;-999;-999;-999;-999;-999;-999;-999;-999;-999;-999,00
1273;2;62;1;4;16;14;-999;-999;-999;-999;-999;-999;-999;-999;-999;-999,00
1274;1;25;1;4;19;11;-999;-999;-999;-999;-999;-999;-999;-999;-999;-999,00
1275;2;54;2;4;6;12;-999;-999;-999;-999;-999;-999;-999;-999;-999;-999,00
1276;2;31;2;4;7;12;-999;-999;-999;-999;-999;-999;-999;-999;-999;-999,00
1277;1;29;2;4;9;13;-999;-999;-999;-999;-999;-999;-999;-999;-999;-999,00
1278;1;27;2;4;9;17;-999;-999;-999;-999;-999;-999;-999;-999;-999;-999,00
1279;1;29;2;4;10;15;-999;-999;-999;-999;-999;-999;-999;-999;-999;-999,00
1280;1;27;1;4;10;12;-999;-999;-999;-999;-999;-999;-999;-999;-999;-999,00
1281;1;26;2;4;10;12;-999;-999;-999;-999;-999;-999;-999;-999;-999;-999,00
1282;1;27;1;4;12;12;-999;-999;-999;-999;-999;-999;-999;-999;-999;-999,00
1283;1;28;2;4;14;17;-999;-999;-999;-999;-999;-999;-999;-999;-999;-999,00
1284;3;55;1;4;15;13;-999;-999;-999;-999;-999;-999;-999;-999;-999;-999,00
1285;3;61;1;4;15;12;-999;-999;-999;-999;-999;-999;-999;-999;-999;-999,00
1286;3;31;2;4;15;15;-999;-999;-999;-999;-999;-999;-999;-999;-999;-999,00
1287;3;61;2;4;15;15;-999;-999;-999;-999;-999;-999;-999;-999;-999;-999,00
1288;3;56;1;4;15;15;-999;-999;-999;-999;-999;-999;-999;-999;-999;-999,00
1289;3;36;1;4;15;15;-999;-999;-999;-999;-999;-999;-999;-999;-999;-999,00
1290;3;48;1;4;16;15;-999;-999;-999;-999;-999;-999;-999;-999;-999;-999,00
1291;1;26;2;4;18;17;-999;-999;-999;-999;-999;-999;-999;-999;-999;-999,00
1292;2;36;1;4;3;13;-999;-999;-999;-999;-999;-999;-999;-999;-999;-999,00
1293;1;27;2;4;7;12;-999;-999;-999;-999;-999;-999;-999;-999;-999;-999,00
1294;2;59;2;4;10;15;-999;-999;-999;-999;-999;-999;-999;-999;-999;-999,00
1295;2;57;1;4;10;11;-999;-999;-999;-999;-999;-999;-999;-999;-999;-999,00
1296;2;63;2;4;10;12;-999;-999;-999;-999;-999;-999;-999;-999;-999;-999,00
1297;3;65;2;4;14;15;-999;-999;-999;-999;-999;-999;-999;-999;-999;-999,00
1298;2;60;1;4;1;12;-999;-999;-999;-999;-999;-999;-999;-999;-999;-999,00
1299;2;64;2;4;6;13;-999;-999;-999;-999;-999;-999;-999;-999;-999;-999,00
1300;2;47;2;4;7;13;-999;-999;-999;-999;-999;-999;-999;-999;-999;-999,00
1301;2;58;2;4;7;12;-999;-999;-999;-999;-999;-999;-999;-999;-999;-999,00
1302;2;43;2;4;7;17;-999;-999;-999;-999;-999;-999;-999;-999;-999;-999,00
1303;3;63;2;4;15;15;-999;-999;-999;-999;-999;-999;-999;-999;-999;-999,00
1304;3;55;2;4;15;12;-999;-999;-999;-999;-999;-999;-999;-999;-999;-999,00
1305;3;51;1;4;15;12;-999;-999;-999;-999;-999;-999;-999;-999;-999;-999,00
1306;3;65;2;4;17;15;-999;-999;-999;-999;-999;-999;-999;-999;-999;-999,00
1307;3;64;2;4;17;15;-999;-999;-999;-999;-999;-999;-999;-999;-999;-999,00
1308;3;63;2;4;17;15;-999;-999;-999;-999;-999;-999;-999;-999;-999;-999,00
1309;3;62;2;4;17;15;-999;-999;-999;-999;-999;-999;-999;-999;-999;-999,00
1310;3;52;1;4;17;15;-999;-999;-999;-999;-999;-999;-999;-999;-999;-999,00
1311;3;56;2;4;17;15;-999;-999;-999;-999;-999;-999;-999;-999;-999;-999,00
1312;2;52;2;4;3;13;-999;-999;-999;-999;-999;-999;-999;-999;-999;-999,00
1313;3;52;1;4;4;13;-999;-999;-999;-999;-999;-999;-999;-999;-999;-999,00
1314;2;33;1;4;6;13;-999;-999;-999;-999;-999;-999;-999;-999;-999;-999,00
1315;2;36;2;4;7;12;-999;-999;-999;-999;-999;-999;-999;-999;-999;-999,00
1316;1;28;2;4;7;12;-999;-999;-999;-999;-999;-999;-999;-999;-999;-999,00
1317;1;29;2;4;7;12;-999;-999;-999;-999;-999;-999;-999;-999;-999;-999,00
1318;1;28;2;4;7;12;-999;-999;-999;-999;-999;-999;-999;-999;-999;-999,00
1319;1;26;2;4;8;12;-999;-999;-999;-999;-999;-999;-999;-999;-999;-999,00
1320;2;44;2;4;9;14;-999;-999;-999;-999;-999;-999;-999;-999;-999;-999,00
1321;1;28;2;4;9;17;-999;-999;-999;-999;-999;-999;-999;-999;-999;-999,00
1322;1;27;1;4;9;13;-999;-999;-999;-999;-999;-999;-999;-999;-999;-999,00
1323;2;37;2;4;10;12;-999;-999;-999;-999;-999;-999;-999;-999;-999;-999,00
1324;1;28;2;4;11;12;-999;-999;-999;-999;-999;-999;-999;-999;-999;-999,00
1325;2;44;1;4;11;12;-999;-999;-999;-999;-999;-999;-999;-999;-999;-999,00
1326;2;46;1;4;11;13;-999;-999;-999;-999;-999;-999;-999;-999;-999;-999,00
1327;1;26;1;4;11;12;-999;-999;-999;-999;-999;-999;-999;-999;-999;-999,00
1328;2;49;2;4;13;12;-999;-999;-999;-999;-999;-999;-999;-999;-999;-999,00
1329;2;40;2;4;13;13;-999;-999;-999;-999;-999;-999;-999;-999;-999;-999,00
1330;1;29;1;4;13;13;-999;-999;-999;-999;-999;-999;-999;-999;-999;-999,00
1331;1;27;1;4;13;13;-999;-999;-999;-999;-999;-999;-999;-999;-999;-999,00
1332;1;28;2;4;13;13;-999;-999;-999;-999;-999;-999;-999;-999;-999;-999,00
1333;2;50;2;4;13;12;-999;-999;-999;-999;-999;-999;-999;-999;-999;-999,00
1334;2;36;2;4;13;12;-999;-999;-999;-999;-999;-999;-999;-999;-999;-999,00
1335;1;26;2;4;14;12;-999;-999;-999;-999;-999;-999;-999;-999;-999;-999,00
1336;3;43;2;4;15;15;-999;-999;-999;-999;-999;-999;-999;-999;-999;-999,00
1337;2;54;1;4;17;12;-999;-999;-999;-999;-999;-999;-999;-999;-999;-999,00
1338;1;25;2;4;18;17;-999;-999;-999;-999;-999;-999;-999;-999;-999;-999,00
1339;1;29;1;4;19;12;-999;-999;-999;-999;-999;-999;-999;-999;-999;-999,00
1340;1;26;2;4;19;12;-999;-999;-999;-999;-999;-999;-999;-999;-999;-999,00
1341;1;27;1;4;19;11;-999;-999;-999;-999;-999;-999;-999;-999;-999;-999,00
1342;2;53;1;4;3;12;-999;-999;-999;-999;-999;-999;-999;-999;-999;-999,00
1343;3;63;1;4;17;15;-999;-999;-999;-999;-999;-999;-999;-999;-999;-999,00
1344;2;40;2;4;19;11;-999;-999;-999;-999;-999;-999;-999;-999;-999;-999,00
1345;1;28;2;4;3;13;-999;-999;-999;-999;-999;-999;-999;-999;-999;-999,00
1346;2;40;1;4;3;12;-999;-999;-999;-999;-999;-999;-999;-999;-999;-999,00
1347;1;25;2;4;3;12;-999;-999;-999;-999;-999;-999;-999;-999;-999;-999,00
1348;2;42;2;4;3;12;-999;-999;-999;-999;-999;-999;-999;-999;-999;-999,00
1349;2;45;1;4;3;13;-999;-999;-999;-999;-999;-999;-999;-999;-999;-999,00
1350;2;62;1;4;3;11;-999;-999;-999;-999;-999;-999;-999;-999;-999;-999,00
1351;2;44;2;4;3;12;-999;-999;-999;-999;-999;-999;-999;-999;-999;-999,00
1352;1;27;2;4;3;12;-999;-999;-999;-999;-999;-999;-999;-999;-999;-999,00
1353;2;54;1;4;3;12;-999;-999;-999;-999;-999;-999;-999;-999;-999;-999,00
1354;2;61;1;4;6;12;-999;-999;-999;-999;-999;-999;-999;-999;-999;-999,00
1355;1;28;2;4;7;12;-999;-999;-999;-999;-999;-999;-999;-999;-999;-999,00
1356;1;26;2;4;7;12;-999;-999;-999;-999;-999;-999;-999;-999;-999;-999,00
1357;1;27;2;4;7;12;-999;-999;-999;-999;-999;-999;-999;-999;-999;-999,00
1358;2;50;2;4;7;12;-999;-999;-999;-999;-999;-999;-999;-999;-999;-999,00
1359;2;58;1;4;7;12;-999;-999;-999;-999;-999;-999;-999;-999;-999;-999,00
1360;1;26;1;4;7;12;-999;-999;-999;-999;-999;-999;-999;-999;-999;-999,00
1361;1;27;2;4;7;12;-999;-999;-999;-999;-999;-999;-999;-999;-999;-999,00
1362;1;28;2;4;7;12;-999;-999;-999;-999;-999;-999;-999;-999;-999;-999,00
1363;2;59;1;4;7;12;-999;-999;-999;-999;-999;-999;-999;-999;-999;-999,00
1364;1;29;1;4;8;12;-999;-999;-999;-999;-999;-999;-999;-999;-999;-999,00
1365;3;33;2;4;8;12;-999;-999;-999;-999;-999;-999;-999;-999;-999;-999,00
1366;2;58;1;4;9;17;-999;-999;-999;-999;-999;-999;-999;-999;-999;-999,00
1367;2;59;2;4;9;12;-999;-999;-999;-999;-999;-999;-999;-999;-999;-999,00
1368;2;49;2;4;10;15;-999;-999;-999;-999;-999;-999;-999;-999;-999;-999,00
1369;2;51;2;4;10;12;-999;-999;-999;-999;-999;-999;-999;-999;-999;-999,00
1370;2;53;2;4;10;12;-999;-999;-999;-999;-999;-999;-999;-999;-999;-999,00
1371;1;29;2;4;10;12;-999;-999;-999;-999;-999;-999;-999;-999;-999;-999,00
1372;2;53;1;4;10;12;-999;-999;-999;-999;-999;-999;-999;-999;-999;-999,00
1373;2;55;2;4;11;16;-999;-999;-999;-999;-999;-999;-999;-999;-999;-999,00
1374;2;54;2;4;11;12;-999;-999;-999;-999;-999;-999;-999;-999;-999;-999,00
1375;2;60;1;4;11;12;-999;-999;-999;-999;-999;-999;-999;-999;-999;-999,00
1376;1;27;2;4;13;13;-999;-999;-999;-999;-999;-999;-999;-999;-999;-999,00
1377;1;28;1;4;13;12;-999;-999;-999;-999;-999;-999;-999;-999;-999;-999,00
1378;1;28;2;4;13;12;-999;-999;-999;-999;-999;-999;-999;-999;-999;-999,00
1379;2;61;1;4;13;12;-999;-999;-999;-999;-999;-999;-999;-999;-999;-999,00
1380;1;28;2;4;13;13;-999;-999;-999;-999;-999;-999;-999;-999;-999;-999,00
1381;1;27;1;4;13;13;-999;-999;-999;-999;-999;-999;-999;-999;-999;-999,00
1382;2;65;1;4;14;11;-999;-999;-999;-999;-999;-999;-999;-999;-999;-999,00
1383;1;26;2;4;14;12;-999;-999;-999;-999;-999;-999;-999;-999;-999;-999,00
1384;1;28;2;4;14;12;-999;-999;-999;-999;-999;-999;-999;-999;-999;-999,00
1385;1;26;2;4;14;12;-999;-999;-999;-999;-999;-999;-999;-999;-999;-999,00
1386;1;26;2;4;14;12;-999;-999;-999;-999;-999;-999;-999;-999;-999;-999,00
1387;1;28;2;4;14;12;-999;-999;-999;-999;-999;-999;-999;-999;-999;-999,00
1388;1;29;2;4;14;12;-999;-999;-999;-999;-999;-999;-999;-999;-999;-999,00
1389;3;48;2;4;15;15;-999;-999;-999;-999;-999;-999;-999;-999;-999;-999,00
1390;3;41;2;4;15;15;-999;-999;-999;-999;-999;-999;-999;-999;-999;-999,00
1391;3;62;2;4;15;13;-999;-999;-999;-999;-999;-999;-999;-999;-999;-999,00
1392;2;58;2;4;17;17;-999;-999;-999;-999;-999;-999;-999;-999;-999;-999,00
1393;1;26;2;4;17;12;-999;-999;-999;-999;-999;-999;-999;-999;-999;-999,00
1394;2;58;2;4;17;12;-999;-999;-999;-999;-999;-999;-999;-999;-999;-999,00
1395;3;38;2;4;17;15;-999;-999;-999;-999;-999;-999;-999;-999;-999;-999,00
1396;3;47;2;4;17;12;-999;-999;-999;-999;-999;-999;-999;-999;-999;-999,00
1397;1;28;2;4;18;17;-999;-999;-999;-999;-999;-999;-999;-999;-999;-999,00
1398;2;48;2;4;19;12;-999;-999;-999;-999;-999;-999;-999;-999;-999;-999,00
1399;2;48;2;4;19;15;-999;-999;-999;-999;-999;-999;-999;-999;-999;-999,00
1400;2;52;2;4;19;12;-999;-999;-999;-999;-999;-999;-999;-999;-999;-999,00
1401;1;28;2;4;19;11;-999;-999;-999;-999;-999;-999;-999;-999;-999;-999,00
1402;1;28;2;4;19;12;-999;-999;-999;-999;-999;-999;-999;-999;-999;-999,00
1403;1;29;2;4;19;13;-999;-999;-999;-999;-999;-999;-999;-999;-999;-999,00
1404;1;28;2;4;3;13;-999;-999;-999;-999;-999;-999;-999;-999;-999;-999,00
1405;2;38;1;4;6;13;-999;-999;-999;-999;-999;-999;-999;-999;-999;-999,00
1406;1;29;1;4;7;13;-999;-999;-999;-999;-999;-999;-999;-999;-999;-999,00
1407;3;54;1;4;8;15;-999;-999;-999;-999;-999;-999;-999;-999;-999;-999,00
1408;1;28;1;4;10;12;-999;-999;-999;-999;-999;-999;-999;-999;-999;-999,00
1409;1;26;2;4;13;12;-999;-999;-999;-999;-999;-999;-999;-999;-999;-999,00
1410;1;29;2;4;13;13;-999;-999;-999;-999;-999;-999;-999;-999;-999;-999,00
1411;3;36;2;4;15;15;-999;-999;-999;-999;-999;-999;-999;-999;-999;-999,00
1412;3;65;2;4;15;11;-999;-999;-999;-999;-999;-999;-999;-999;-999;-999,00
1413;3;63;2;4;15;15;-999;-999;-999;-999;-999;-999;-999;-999;-999;-999,00
1414;3;62;2;4;15;14;-999;-999;-999;-999;-999;-999;-999;-999;-999;-999,00
1415;3;46;2;4;15;15;-999;-999;-999;-999;-999;-999;-999;-999;-999;-999,00
1416;3;64;1;4;15;12;-999;-999;-999;-999;-999;-999;-999;-999;-999;-999,00
1417;3;45;2;4;16;14;-999;-999;-999;-999;-999;-999;-999;-999;-999;-999,00
1418;3;36;2;4;16;14;-999;-999;-999;-999;-999;-999;-999;-999;-999;-999,00
1419;3;54;2;4;16;14;-999;-999;-999;-999;-999;-999;-999;-999;-999;-999,00
1420;3;61;2;4;17;15;-999;-999;-999;-999;-999;-999;-999;-999;-999;-999,00
1421;2;46;2;4;17;15;-999;-999;-999;-999;-999;-999;-999;-999;-999;-999,00
1422;3;63;2;4;17;15;-999;-999;-999;-999;-999;-999;-999;-999;-999;-999,00
1423;3;38;2;4;17;15;-999;-999;-999;-999;-999;-999;-999;-999;-999;-999,00
1424;2;56;2;4;17;15;-999;-999;-999;-999;-999;-999;-999;-999;-999;-999,00
1425;2;44;1;4;7;12;-999;-999;-999;-999;-999;-999;-999;-999;-999;-999,00
1426;3;51;1;4;15;12;-999;-999;-999;-999;-999;-999;-999;-999;-999;-999,00
1427;3;49;1;4;15;12;-999;-999;-999;-999;-999;-999;-999;-999;-999;-999,00
1428;3;50;1;4;15;12;-999;-999;-999;-999;-999;-999;-999;-999;-999;-999,00
1429;3;40;1;4;15;12;-999;-999;-999;-999;-999;-999;-999;-999;-999;-999,00
1430;1;28;1;4;3;13;-999;-999;-999;-999;-999;-999;-999;-999;-999;-999,00
1431;2;55;2;4;3;12;-999;-999;-999;-999;-999;-999;-999;-999;-999;-999,00
1432;2;53;1;4;3;11;-999;-999;-999;-999;-999;-999;-999;-999;-999;-999,00
1433;3;41;2;4;4;13;-999;-999;-999;-999;-999;-999;-999;-999;-999;-999,00
1434;2;41;2;4;6;12;-999;-999;-999;-999;-999;-999;-999;-999;-999;-999,00
1435;2;42;2;4;7;12;-999;-999;-999;-999;-999;-999;-999;-999;-999;-999,00
1436;2;62;2;4;7;12;-999;-999;-999;-999;-999;-999;-999;-999;-999;-999,00
1437;1;29;2;4;9;13;-999;-999;-999;-999;-999;-999;-999;-999;-999;-999,00
1438;2;56;2;4;13;12;-999;-999;-999;-999;-999;-999;-999;-999;-999;-999,00
1439;2;45;2;4;13;13;-999;-999;-999;-999;-999;-999;-999;-999;-999;-999,00
1440;2;37;2;4;13;13;-999;-999;-999;-999;-999;-999;-999;-999;-999;-999,00
1441;2;48;2;4;13;12;-999;-999;-999;-999;-999;-999;-999;-999;-999;-999,00
1442;2;46;2;4;14;12;-999;-999;-999;-999;-999;-999;-999;-999;-999;-999,00
1443;1;28;1;4;14;13;-999;-999;-999;-999;-999;-999;-999;-999;-999;-999,00
1444;3;46;2;4;15;12;-999;-999;-999;-999;-999;-999;-999;-999;-999;-999,00
1445;3;62;1;4;15;12;-999;-999;-999;-999;-999;-999;-999;-999;-999;-999,00
1446;3;61;2;4;15;15;-999;-999;-999;-999;-999;-999;-999;-999;-999;-999,00
1447;3;47;2;4;15;13;-999;-999;-999;-999;-999;-999;-999;-999;-999;-999,00
1448;3;37;1;4;15;15;-999;-999;-999;-999;-999;-999;-999;-999;-999;-999,00
1449;3;65;1;4;16;14;-999;-999;-999;-999;-999;-999;-999;-999;-999;-999,00
1450;3;61;2;4;18;11;-999;-999;-999;-999;-999;-999;-999;-999;-999;-999,00
1451;3;60;2;4;18;15;-999;-999;-999;-999;-999;-999;-999;-999;-999;-999,00
1452;3;59;1;4;18;15;-999;-999;-999;-999;-999;-999;-999;-999;-999;-999,00
1453;1;29;2;4;3;13;-999;-999;-999;-999;-999;-999;-999;-999;-999;-999,00
1454;1;28;2;4;3;12;-999;-999;-999;-999;-999;-999;-999;-999;-999;-999,00
1455;2;64;1;4;3;12;-999;-999;-999;-999;-999;-999;-999;-999;-999;-999,00
1456;1;27;1;4;3;13;-999;-999;-999;-999;-999;-999;-999;-999;-999;-999,00
1457;2;56;1;4;3;12;-999;-999;-999;-999;-999;-999;-999;-999;-999;-999,00
1458;2;59;1;4;3;12;-999;-999;-999;-999;-999;-999;-999;-999;-999;-999,00
1459;2;63;1;4;3;12;-999;-999;-999;-999;-999;-999;-999;-999;-999;-999,00
1460;2;56;1;4;3;12;-999;-999;-999;-999;-999;-999;-999;-999;-999;-999,00
1461;2;54;1;4;3;13;-999;-999;-999;-999;-999;-999;-999;-999;-999;-999,00
1462;2;38;1;4;3;12;-999;-999;-999;-999;-999;-999;-999;-999;-999;-999,00
1463;2;63;1;4;3;13;-999;-999;-999;-999;-999;-999;-999;-999;-999;-999,00
1464;2;56;1;4;3;13;-999;-999;-999;-999;-999;-999;-999;-999;-999;-999,00
1465;2;64;1;4;3;13;-999;-999;-999;-999;-999;-999;-999;-999;-999;-999,00
1466;2;54;1;4;3;13;-999;-999;-999;-999;-999;-999;-999;-999;-999;-999,00
1467;2;45;2;4;3;13;-999;-999;-999;-999;-999;-999;-999;-999;-999;-999,00
1468;2;52;1;4;3;12;-999;-999;-999;-999;-999;-999;-999;-999;-999;-999,00
1469;1;29;1;4;3;12;-999;-999;-999;-999;-999;-999;-999;-999;-999;-999,00
1470;2;54;1;4;4;12;-999;-999;-999;-999;-999;-999;-999;-999;-999;-999,00
1471;3;51;1;4;4;13;-999;-999;-999;-999;-999;-999;-999;-999;-999;-999,00
1472;3;40;1;4;4;12;-999;-999;-999;-999;-999;-999;-999;-999;-999;-999,00
1473;3;43;2;4;5;12;-999;-999;-999;-999;-999;-999;-999;-999;-999;-999,00
1474;1;28;2;4;7;12;-999;-999;-999;-999;-999;-999;-999;-999;-999;-999,00
1475;2;42;2;4;7;13;-999;-999;-999;-999;-999;-999;-999;-999;-999;-999,00
1476;1;29;2;4;7;13;-999;-999;-999;-999;-999;-999;-999;-999;-999;-999,00
1477;2;35;1;4;8;13;-999;-999;-999;-999;-999;-999;-999;-999;-999;-999,00
1478;2;40;2;4;10;12;-999;-999;-999;-999;-999;-999;-999;-999;-999;-999,00
1479;2;59;1;4;10;12;-999;-999;-999;-999;-999;-999;-999;-999;-999;-999,00
1480;2;63;1;4;10;13;-999;-999;-999;-999;-999;-999;-999;-999;-999;-999,00
1481;2;46;2;4;10;13;-999;-999;-999;-999;-999;-999;-999;-999;-999;-999,00
1482;1;28;2;4;11;16;-999;-999;-999;-999;-999;-999;-999;-999;-999;-999,00
1483;1;29;1;4;11;13;-999;-999;-999;-999;-999;-999;-999;-999;-999;-999,00
1484;2;61;1;4;13;12;-999;-999;-999;-999;-999;-999;-999;-999;-999;-999,00
1485;2;48;1;4;13;13;-999;-999;-999;-999;-999;-999;-999;-999;-999;-999,00
1486;2;45;1;4;13;13;-999;-999;-999;-999;-999;-999;-999;-999;-999;-999,00
1487;1;28;2;4;13;12;-999;-999;-999;-999;-999;-999;-999;-999;-999;-999,00
1488;3;41;2;4;15;11;-999;-999;-999;-999;-999;-999;-999;-999;-999;-999,00
1489;3;60;2;4;15;15;-999;-999;-999;-999;-999;-999;-999;-999;-999;-999,00
1490;3;40;2;4;15;15;-999;-999;-999;-999;-999;-999;-999;-999;-999;-999,00
1491;3;63;2;4;15;15;-999;-999;-999;-999;-999;-999;-999;-999;-999;-999,00
1492;3;63;2;4;15;15;-999;-999;-999;-999;-999;-999;-999;-999;-999;-999,00
1493;3;43;1;4;16;14;-999;-999;-999;-999;-999;-999;-999;-999;-999;-999,00
1494;3;57;2;4;16;14;-999;-999;-999;-999;-999;-999;-999;-999;-999;-999,00
1495;2;54;1;4;16;14;-999;-999;-999;-999;-999;-999;-999;-999;-999;-999,00
1496;3;64;2;4;17;15;-999;-999;-999;-999;-999;-999;-999;-999;-999;-999,00
1497;2;52;2;4;17;15;-999;-999;-999;-999;-999;-999;-999;-999;-999;-999,00
1498;3;58;1;4;15;13;-999;-999;-999;-999;-999;-999;-999;-999;-999;-999,00
1499;3;47;1;4;15;12;-999;-999;-999;-999;-999;-999;-999;-999;-999;-999,00
1500;3;56;1;4;15;13;-999;-999;-999;-999;-999;-999;-999;-999;-999;-999,00
1501;1;28;2;4;7;12;-999;-999;-999;-999;-999;-999;-999;-999;-999;-999,00
1502;1;29;2;4;13;13;-999;-999;-999;-999;-999;-999;-999;-999;-999;-999,00
1503;1;27;1;4;14;12;-999;-999;-999;-999;-999;-999;-999;-999;-999;-999,00
1504;1;28;2;4;14;12;-999;-999;-999;-999;-999;-999;-999;-999;-999;-999,00
1505;1;29;1;4;17;17;-999;-999;-999;-999;-999;-999;-999;-999;-999;-999,00
1506;1;29;2;4;1;13;-999;-999;-999;-999;-999;-999;-999;-999;-999;-999,00
1507;1;29;1;4;3;13;-999;-999;-999;-999;-999;-999;-999;-999;-999;-999,00
1508;2;63;2;4;3;13;-999;-999;-999;-999;-999;-999;-999;-999;-999;-999,00
1509;2;29;2;4;3;13;-999;-999;-999;-999;-999;-999;-999;-999;-999;-999,00
1510;1;28;2;4;3;13;-999;-999;-999;-999;-999;-999;-999;-999;-999;-999,00
1511;2;35;1;4;3;12;-999;-999;-999;-999;-999;-999;-999;-999;-999;-999,00
1512;1;29;1;4;3;13;-999;-999;-999;-999;-999;-999;-999;-999;-999;-999,00
1513;1;29;1;4;3;12;-999;-999;-999;-999;-999;-999;-999;-999;-999;-999,00
1514;1;28;2;4;7;12;-999;-999;-999;-999;-999;-999;-999;-999;-999;-999,00
1515;1;28;1;4;8;12;-999;-999;-999;-999;-999;-999;-999;-999;-999;-999,00
1516;1;29;1;4;10;12;-999;-999;-999;-999;-999;-999;-999;-999;-999;-999,00
1517;1;29;1;4;13;13;-999;-999;-999;-999;-999;-999;-999;-999;-999;-999,00
1518;1;29;2;4;13;13;-999;-999;-999;-999;-999;-999;-999;-999;-999;-999,00
1519;1;27;1;4;13;13;-999;-999;-999;-999;-999;-999;-999;-999;-999;-999,00
1520;1;29;1;4;13;13;-999;-999;-999;-999;-999;-999;-999;-999;-999;-999,00
1521;3;64;2;4;17;15;-999;-999;-999;-999;-999;-999;-999;-999;-999;-999,00
1522;2;59;1;5;7;12;-999;-999;-999;-999;-999;-999;-999;-999;-999;-999,00
1523;2;55;1;5;3;13;-999;-999;-999;-999;-999;-999;-999;-999;-999;-999,00
1524;2;52;1;5;3;13;-999;-999;-999;-999;-999;-999;-999;-999;-999;-999,00
1525;2;59;1;5;3;13;-999;-999;-999;-999;-999;-999;-999;-999;-999;-999,00
1526;2;40;1;5;10;13;-999;-999;-999;-999;-999;-999;-999;-999;-999;-999,00
1527;2;41;2;5;14;12;-999;-999;-999;-999;-999;-999;-999;-999;-999;-999,00
1528;3;47;2;5;15;14;-999;-999;-999;-999;-999;-999;-999;-999;-999;-999,00
1529;3;62;1;5;15;13;-999;-999;-999;-999;-999;-999;-999;-999;-999;-999,00
1530;3;59;1;5;16;15;-999;-999;-999;-999;-999;-999;-999;-999;-999;-999,00
1531;3;63;1;5;16;15;-999;-999;-999;-999;-999;-999;-999;-999;-999;-999,00
1532;3;57;2;5;16;15;-999;-999;-999;-999;-999;-999;-999;-999;-999;-999,00
1533;3;43;1;5;16;12;-999;-999;-999;-999;-999;-999;-999;-999;-999;-999,00
1534;1;24;2;5;9;17;-999;-999;-999;-999;-999;-999;-999;-999;-999;-999,00
;1;29;2;5;10;12;-999;-999;-999;-999;-999;-999;-999;-999;-999;-999,00
